year,country,right_votes,right_populist_votes,left_votes,left_populist_votes,populist_votes,other_votes,c2_left_votes,c2_right_votes,c2_populist_votes,farright_parties,farleft_parties,populist_parties,country_code,pop,total_population,weight
1993,Austria,0,16.6,0,0,0,0,NA,NA,16.6,NA,NA,NA,AUT,7905633,493206031,0.016029067981936335
1994,Austria,0,22.5,0,0,0,0,0,22.5,22.5,FPO 22.5%,none,FPO 22.5%,AUT,7936118,494491729,0.016049040933503664
1995,Austria,0,21.9,0,0,0,0,0,21.9,21.9,FPO 21.9%,none,FPO 21.9%,AUT,7948278,495519000,0.01604030925151205
1996,Austria,0,21.9,0,0,0,0,NA,NA,21.9,NA,NA,NA,AUT,7959017,496414281,0.01603301376416284
1997,Austria,0,21.9,0,0,0,0,NA,NA,21.9,NA,NA,NA,AUT,7968041,497247005,0.016024311699976958
1998,Austria,0,21.9,0,0,0,0,NA,NA,21.9,NA,NA,NA,AUT,7976789,498037471,0.01601644346957179
1999,Austria,0,26.9,0,0,0,0,0,26.9,26.9,FPO 26.9%,none,FPO 26.9%,AUT,7992324,499004122,0.016016549057684938
2000,Austria,0,26.9,0,0,0,0,NA,NA,26.9,NA,NA,NA,AUT,8011566,499798011,0.016029607608822598
2001,Austria,0,26.9,0,0,0,0,NA,NA,26.9,NA,NA,NA,AUT,8042293,500664525,0.0160632371546596
2002,Austria,0,10.01,0,0,0,0,0,10.01,10.01,FPO 10.01%,none,FPO 10.01%,AUT,8081957,502009057,0.016099225476722823
2003,Austria,0,10.01,0,0,0,0,NA,NA,10.01,NA,NA,NA,AUT,8121423,503955288,0.016115364186832383
2004,Austria,0,10.01,0,0,0,0,NA,NA,10.01,NA,NA,NA,AUT,8171966,506053494,0.016148423233690784
2005,Austria,0,10.01,0,0,0,0,NA,NA,10.01,NA,NA,NA,AUT,8227829,508143651,0.01619193506365388
2006,Austria,0,15.1,0,0,2.8,0,0,15.1,17.9,"FPO 11%
BZO 4.1%",none,"FPO 11%
BZO 4.1%
Martin 2.8%",AUT,8268641,510153708,0.016208136626932053
2007,Austria,0,15.1,0,0,2.8,0,NA,NA,17.9,NA,NA,NA,AUT,8295487,512283578,0.016193154253326465
2008,Austria,0,28.24,0,0,0,0,0,28.24,28.24,"FPO 17.54%
BZO 10.7%",none,"FPO 17.54%
BZO 10.7%",AUT,8321496,514401636,0.01617704030785781
2009,Austria,0,28.24,0,0,0,0,NA,NA,28.24,NA,NA,NA,AUT,8343323,516143422,0.016164737637594073
2010,Austria,0,28.24,0,0,0,0,NA,NA,28.24,NA,NA,NA,AUT,8363404,517472369,0.016162030092856997
2011,Austria,0,28.24,0,0,0,0,NA,NA,28.24,NA,NA,NA,AUT,8391643,517441120,0.016217580465966833
2012,Austria,0,28.24,0,0,0,0,NA,NA,28.24,NA,NA,NA,AUT,8429991,518696961,0.016252246752608217
2013,Austria,0,20.5,0,0,9.2,0,0,20.5,29.7,FPO 20.5%,none,"FPO 20.5%
TS 5.7%
BZO 3.5%",AUT,8479823,519632664,0.016318879830849124
2014,Austria,0,20.5,0,0,9.2,0,NA,NA,29.7,NA,NA,NA,AUT,8546356,520760605,0.016411295166999046
2015,Austria,0,20.5,0,0,9.2,0,NA,NA,29.7,NA,NA,NA,AUT,8642699,522238816,0.016549323288906966
2016,Austria,0,20.5,0,0,9.2,0,NA,NA,29.7,NA,NA,NA,AUT,8736668,523772443,0.016680274261775166
2017,Austria,0,26,0,0,4.4,0,0,26,30.4,FPO 26%,none,"FPO 26%
PILZ 4.4%",AUT,8797566,524892162,0.01676071131730864
2018,Austria,0,26,0,0,4.4,0,NA,NA,30.4,NA,NA,NA,AUT,8840521,526313953,0.016797048509941365
2019,Austria,0,16.2,0,0,1.9,0,0,16.2,18.099999999999998,FPO 16.2%,none,"FPO 16.2%
PILZ 1.9%",AUT,8879920,527321280,0.016839676942299767
2020,Austria,0,16.2,0,0,1.9,0,NA,NA,18.099999999999998,NA,NA,NA,AUT,8916864,527483574,0.016904533978910213
2021,Austria,0,16.2,0,0,1.9,0,NA,NA,18.099999999999998,NA,NA,NA,AUT,8955797,527178594,0.016988165115065353
2022,Austria,0,16.2,0,0,1.9,0,NA,NA,18.099999999999998,NA,NA,NA,AUT,9041851,528891778,0.017095843376865653
1993,Belgium,0,7.6,0.49,0,0,0,NA,NA,7.6,NA,NA,NA,BEL,10084475,493206031,0.020446779573139486
1994,Belgium,0,7.6,0.49,0,0,0,NA,NA,7.6,NA,NA,NA,BEL,10115603,494491729,0.020456566625404567
1995,Belgium,0,10.11,0.6,0,0,0,0.6,10.11,10.11,"VB 7.83%
FN 2.28%",PA-PTB 0.6%,"VB 7.83%
FN 2.28%",BEL,10136811,495519000,0.020456957250882406
1996,Belgium,0,10.11,0.6,0,0,0,NA,NA,10.11,NA,NA,NA,BEL,10156637,496414281,0.020460001633192337
1997,Belgium,0,10.11,0.6,0,0,0,NA,NA,10.11,NA,NA,NA,BEL,10181245,497247005,0.020475226391760772
1998,Belgium,0,10.11,0.6,0,0,0,NA,NA,10.11,NA,NA,NA,BEL,10203008,498037471,0.02048642641187936
1999,Belgium,0,11.319999999999999,0,0,0,0,0,11.319999999999999,11.319999999999999,"VB 9.87%
FN 1.45%",none,"VB 9.87%
FN 1.45%",BEL,10226419,499004122,0.02049365636302299
2000,Belgium,0,11.319999999999999,0,0,0,0,NA,NA,11.319999999999999,NA,NA,NA,BEL,10251250,499798011,0.02051078590626884
2001,Belgium,0,11.319999999999999,0,0,0,0,NA,NA,11.319999999999999,NA,NA,NA,BEL,10286570,500664525,0.020545833559907207
2002,Belgium,0,11.319999999999999,0,0,0,0,NA,NA,11.319999999999999,NA,NA,NA,BEL,10332785,502009057,0.02058286569917403
2003,Belgium,0,16.63,0,0,0,0,0,16.63,16.63,"VB 11.59%
FN 1.98%
N-VA 3.06%",none,"VB 11.59%
FN 1.98%
N-VA 3.06%",BEL,10376133,503955288,0.02058939204939943
2004,Belgium,0,16.63,0,0,0,0,NA,NA,16.63,NA,NA,NA,BEL,10421137,506053494,0.020592955336852195
2005,Belgium,0,16.63,0,0,0,0,NA,NA,16.63,NA,NA,NA,BEL,10478617,508143651,0.02062136755891495
2006,Belgium,0,16.63,0,0,0,0,NA,NA,16.63,NA,NA,NA,BEL,10547958,510153708,0.02067603907330612
2007,Belgium,0,14,0.84,0,4.03,0,0.84,14,18.03,"VB 12%
FN 2%",PA-PTB 0.84%,"VB 12%
LD|LDD 4.03%
FN 2%",BEL,10625700,512283578,0.020741832173273373
2008,Belgium,0,14,0.84,0,4.03,0,NA,NA,18.03,NA,NA,NA,BEL,10709973,514401636,0.020820254545224657
2009,Belgium,0,14,0.84,0,4.03,0,NA,NA,18.03,NA,NA,NA,BEL,10796493,516143422,0.020917622001583893
2010,Belgium,0,26.449999999999996,1.55,0,2.31,0,1.55,26.449999999999996,28.759999999999994,"N-VA 17.4%
VB 7.76%
Pp 1.29%",PA-PTB 1.55%,"N-VA 17.4%
VB 7.76%
LD|LDD 2.31%
Pp 1.29%",BEL,10895586,517472369,0.021055396679547155
2011,Belgium,0,26.449999999999996,1.55,0,2.31,0,NA,NA,28.759999999999994,NA,NA,NA,BEL,11038264,517441120,0.021332405897699046
2012,Belgium,0,26.449999999999996,1.55,0,2.31,0,NA,NA,28.759999999999994,NA,NA,NA,BEL,11106932,518696961,0.021413142615269727
2013,Belgium,0,26.449999999999996,1.55,0,2.31,0,NA,NA,28.759999999999994,NA,NA,NA,BEL,11159407,519632664,0.021475568749080794
2014,Belgium,0,25.45,3.72,0,0,0,3.72,25.45,25.45,"N-VA 20.26%
VB 3.67%
Pp 1.52%",PA-PTB 3.72%,"N-VA 20.26%
VB 3.67%
Pp 1.52%",BEL,11209057,520760605,0.021524395072088833
2015,Belgium,0,25.45,3.72,0,0,0,NA,NA,25.45,NA,NA,NA,BEL,11274196,522238816,0.021588199985502418
2016,Belgium,0,25.45,3.72,0,0,0,NA,NA,25.45,NA,NA,NA,BEL,11331422,523772443,0.02163424622933055
2017,Belgium,0,25.45,3.72,0,0,0,NA,NA,25.45,NA,NA,NA,BEL,11375158,524892162,0.021671419052357654
2018,Belgium,0,25.45,3.72,0,0,0,NA,NA,25.45,NA,NA,NA,BEL,11427054,526313953,0.021711478357861434
2019,Belgium,0,29.09,8.62,0,0,0,8.62,29.09,29.09,"N-VA 16.03%
VB 11.95%
Pp 1.11%",PA-PTB 8.62%,"N-VA 16.03%
VB 11.95%
Pp 1.11%",BEL,11488980,527321280,0.021787438580138468
2020,Belgium,0,29.09,8.62,0,0,0,NA,NA,29.09,NA,NA,NA,BEL,11538604,527483574,0.021874811972817945
2021,Belgium,0,29.09,8.62,0,0,0,NA,NA,29.09,NA,NA,NA,BEL,11586195,527178594,0.02197774175937045
2022,Belgium,0,29.09,8.62,0,0,0,NA,NA,29.09,NA,NA,NA,BEL,11680210,528891778,0.022084310034405565
1993,Bulgaria,NA,NA,NA,NA,NA,NA,NA,NA,NA,NA,NA,NA,BGR,8472313,493206031,0.01717804014444422
1994,Bulgaria,NA,NA,NA,NA,NA,NA,NA,NA,NA,NA,NA,NA,BGR,8443591,494491729,0.017075292678960057
1995,Bulgaria,NA,NA,NA,NA,NA,NA,NA,NA,NA,NA,NA,NA,BGR,8406067,495519000,0.01696416686343006
1996,Bulgaria,NA,NA,NA,NA,NA,NA,NA,NA,NA,NA,NA,NA,BGR,8362826,496414281,0.016846465382006202
1997,Bulgaria,NA,NA,NA,NA,NA,NA,NA,NA,NA,NA,NA,NA,BGR,8312068,497247005,0.016716175092899754
1998,Bulgaria,NA,NA,NA,NA,NA,NA,NA,NA,NA,NA,NA,NA,BGR,8256786,498037471,0.016578644139810115
1999,Bulgaria,NA,NA,NA,NA,NA,NA,NA,NA,NA,NA,NA,NA,BGR,8210624,499004122,0.01645402039384356
2000,Bulgaria,NA,NA,NA,NA,NA,NA,NA,NA,NA,NA,NA,NA,BGR,8170172,499798011,0.01634694780728129
2001,Bulgaria,0,0,0,0,42.74,0,0,0,42.74,none,none,NDSV 42.74%,BGR,8009142,500664525,0.01599702315637402
2002,Bulgaria,0,0,0,0,42.74,0,NA,NA,42.74,NA,NA,NA,BGR,7837161,502009057,0.015611592840246307
2003,Bulgaria,0,0,0,0,42.74,0,NA,NA,42.74,NA,NA,NA,BGR,7775327,503955288,0.015428604848769838
2004,Bulgaria,0,0,0,0,42.74,0,NA,NA,42.74,NA,NA,NA,BGR,7716860,506053494,0.015249099337312352
2005,Bulgaria,0,8.14,0,0,19.88,0,0,8.14,28.02,Ataka 8.14%,none,"NDSV 19.88%
Ataka 8.14%",BGR,7658972,508143651,0.015072454383573514
2006,Bulgaria,0,8.14,0,0,19.88,0,NA,NA,28.02,NA,NA,NA,BGR,7601022,510153708,0.014899474179652537
2007,Bulgaria,0,8.14,0,0,19.88,0,NA,NA,28.02,NA,NA,NA,BGR,7545338,512283578,0.01472883052284764
2008,Bulgaria,0,8.14,0,0,19.88,0,NA,NA,28.02,NA,NA,NA,BGR,7492561,514401636,0.01456558547959206
2009,Bulgaria,0,13.489999999999998,0,0,42.74,0,0,13.489999999999998,56.230000000000004,"Ataka 9.36%
RZS 4.13%",none,"GERB 39.72%
Ataka 9.36%
RZS 4.13%
NDSV 3.02%",BGR,7444443,516143422,0.014423206191708475
2010,Bulgaria,0,13.489999999999998,0,0,42.74,0,NA,NA,56.230000000000004,NA,NA,NA,BGR,7395599,517472369,0.01429177564454654
2011,Bulgaria,0,13.489999999999998,0,0,42.74,0,NA,NA,56.230000000000004,NA,NA,NA,BGR,7348328,517441120,0.014201283423319739
2012,Bulgaria,0,13.489999999999998,0,0,42.74,0,NA,NA,56.230000000000004,NA,NA,NA,BGR,7305888,518696961,0.014085079630917676
2013,Bulgaria,0,14.556,0,0,30.535,0,0,14.556,45.091,"Ataka 7.297%
NFSB 3.703%
RZS 1.67%
VMRO 1.886%",none,"GERB 30.535%
Ataka 7.297%
NFSB 3.703%
RZS 1.67%
VMRO 1.886%",BGR,7160005,519632664,0.013778974063878324
2014,Bulgaria,0,17.490000000000002,0,0,32.67,0,0,17.490000000000002,50.160000000000004,"NFSB 7.28%
BBZ 5.69%
Ataka 4.52%",none,"GERB 32.67%
NFSB 7.28%
BBZ 5.69%
Ataka 4.52%",BGR,7073572,520760605,0.013583154970026967
2015,Bulgaria,0,17.490000000000002,0,0,32.67,0,NA,NA,50.160000000000004,NA,NA,NA,BGR,6984225,522238816,0.013373622921203927
2016,Bulgaria,0,17.490000000000002,0,0,32.67,0,NA,NA,50.160000000000004,NA,NA,NA,BGR,6894139,523772443,0.013162469870527342
2017,Bulgaria,0,14.68,0,0,33.54,0,0,14.68,48.22,"NFSB 9.31%
Volya 4.26%
R 1.11%",none,"GERB 33.54%
NFSB 9.31%
Volya 4.26%
R 1.11%",BGR,6803468,524892162,0.012961649063450865
2018,Bulgaria,0,14.68,0,0,33.54,0,NA,NA,48.22,NA,NA,NA,BGR,6710798,526313953,0.012750560690531418
2019,Bulgaria,0,14.68,0,0,33.54,0,NA,NA,48.22,NA,NA,NA,BGR,6616726,527321280,0.012547807666703685
2020,Bulgaria,0,14.68,0,0,33.54,0,NA,NA,48.22,NA,NA,NA,BGR,6550696,527483574,0.012418767754841974
2021,Bulgaria,0,5.94,0,0,34.55,0,0,5.94,40.489999999999995,"R 4.86%
VMRO 1.08%",none,"GERB 22.74%
ITN 9.52%
R 4.86%
IS 2.29%
VMRO 1.08%",BGR,6507301,527178594,0.012343636623455162
2022,Bulgaria,9.3,10.18,0,0,30.169999999999998,0,0,19.48,40.349999999999994,"R 10.18%
BSP 9.3%",none,"GERB 25.33%
R 10.18%
ITN 3.83%
IS 1.01%",BGR,6465097,528891778,0.012223856125061562
1993,Croatia,NA,NA,NA,NA,NA,NA,NA,NA,NA,NA,NA,NA,HRV,4600463,493206031,0.00932766979891209
1994,Croatia,NA,NA,NA,NA,NA,NA,NA,NA,NA,NA,NA,NA,HRV,4652024,494491729,0.009407688192091075
1995,Croatia,NA,NA,NA,NA,NA,NA,NA,NA,NA,NA,NA,NA,HRV,4620030,495519000,0.00932361826690803
1996,Croatia,NA,NA,NA,NA,NA,NA,NA,NA,NA,NA,NA,NA,HRV,4557097,496414281,0.009180028001652112
1997,Croatia,NA,NA,NA,NA,NA,NA,NA,NA,NA,NA,NA,NA,HRV,4534920,497247005,0.009120054931250919
1998,Croatia,NA,NA,NA,NA,NA,NA,NA,NA,NA,NA,NA,NA,HRV,4532135,498037471,0.00909998798062325
1999,Croatia,NA,NA,NA,NA,NA,NA,NA,NA,NA,NA,NA,NA,HRV,4512597,499004122,0.009043205859529954
2000,Croatia,5.3,24.4,0,0,0,0,0,29.7,24.4,"HDZ 24.4%
HSP 5.3%",none,HDZ 24.4%,HRV,4468302,499798011,0.008940215650438033
2001,Croatia,5.3,24.4,0,0,0,0,NA,NA,24.4,NA,NA,NA,HRV,4299642,500664525,0.00858787029098976
2002,Croatia,5.3,24.4,0,0,0,0,NA,NA,24.4,NA,NA,NA,HRV,4302174,502009057,0.008569913112145305
2003,Croatia,6.5,0,0,0,0,33.2,0,6.5,0,HSP 6.5%,none,none,HRV,4303399,503955288,0.008539247632619344
2004,Croatia,6.5,0,0,0,0,33.2,NA,NA,0,NA,NA,NA,HRV,4304600,506053494,0.008506215352798255
2005,Croatia,6.5,0,0,0,0,33.2,NA,NA,0,NA,NA,NA,HRV,4310145,508143651,0.008482138843057197
2006,Croatia,6.5,0,0,0,0,33.2,NA,NA,0,NA,NA,NA,HRV,4311159,510153708,0.008450705997808802
2007,Croatia,3.4,1.8,0,0,0,35.9,0,5.2,1.8,"HDSSB 1.8%
HSP 3.4%",none,HDSSB 1.8%,HRV,4310217,512283578,0.008413732520623567
2008,Croatia,3.4,1.8,0,0,0,35.9,NA,NA,1.8,NA,NA,NA,HRV,4309705,514401636,0.008378093494243864
2009,Croatia,3.4,1.8,0,0,0,35.9,NA,NA,1.8,NA,NA,NA,HRV,4305181,516143422,0.008341055637826186
2010,Croatia,3.4,1.8,0,0,0,35.9,NA,NA,1.8,NA,NA,NA,HRV,4295427,517472369,0.008300785234776467
2011,Croatia,3,2.96,0,0,4.19,23.5,0,5.96,7.15,"HDSSB 2.96%
HSP 3%",none,"HL-LR 4.19%
HDSSB 2.96%",HRV,4280622,517441120,0.008272674579863309
2012,Croatia,3,2.96,0,0,4.19,23.5,NA,NA,7.15,NA,NA,NA,HRV,4260368,518696961,0.008213597380224482
2013,Croatia,3,2.96,0,0,4.19,23.5,NA,NA,7.15,NA,NA,NA,HRV,4233922,519632664,0.008147913503759263
2014,Croatia,3,2.96,0,0,4.19,23.5,NA,NA,7.15,NA,NA,NA,HRV,4201598,520760605,0.008068194789811337
2015,Croatia,0,14.77,0,0,7.53,34.08,0,14.77,22.3,"Most 13.42%
HDSSB 1.35%
Hrast NA%",none,"Most 13.42%
HL-LR NA%
HDSSB 1.35%
MB 3.34%
ZiZi 4.19%
Hrast NA%",HRV,4151725,522238816,0.007949859092817797
2016,Croatia,0,10.62,0,0,9.76,35.17,0,10.62,20.38,"Most 9.43%
HDSSB 1.19%",none,"Most 9.43%
ZiZi 5.92%
MB 3.84%
HDSSB 1.19%",HRV,4106867,523772443,0.007840937519502147
2017,Croatia,0,10.62,0,0,9.76,35.17,NA,NA,20.38,NA,NA,NA,HRV,4041407,524892162,0.0076994996164564565
2018,Croatia,0,10.62,0,0,9.76,35.17,NA,NA,20.38,NA,NA,NA,HRV,3988775,526313953,0.007578698944354227
2019,Croatia,0,10.62,0,0,9.76,35.17,NA,NA,20.38,NA,NA,NA,HRV,3949390,527321280,0.007489532756956063
2020,Croatia,0,18.28,0,6.99,2.26,37.26,6.99,18.28,27.53,"DP 10.89%
Most 7.39%",M! 6.99%,"DP 10.89%
Most 7.39%
M! 6.99%
ZiZi 2.26%",HRV,3914206,527483574,0.007420526804878288
2021,Croatia,0,18.28,0,6.99,2.26,37.26,NA,NA,27.53,NA,NA,NA,HRV,3878981,527178594,0.007358001717345906
2022,Croatia,0,18.28,0,6.99,2.26,37.26,NA,NA,27.53,NA,NA,NA,HRV,3855641,528891778,0.007290037698411716
1993,Cyprus,0,0,0,30.6,0,0,NA,NA,30.6,NA,NA,NA,CYP,826034,493206031,0.0016748254240224407
1994,Cyprus,0,0,0,30.6,0,0,NA,NA,30.6,NA,NA,NA,CYP,844667,494491729,0.0017081519274511465
1995,Cyprus,0,0,0,30.6,0,0,NA,NA,30.6,NA,NA,NA,CYP,862695,495519000,0.0017409927772698928
1996,Cyprus,0,1.7,0,33,0,0,33,1.7,34.7,NO 1.7%,AKEL 33%,"AKEL 33%
NO 1.7%",CYP,880290,496414281,0.0017732970901375015
1997,Cyprus,0,1.7,0,33,0,0,NA,NA,34.7,NA,NA,NA,CYP,897568,497247005,0.001805074723376162
1998,Cyprus,0,1.7,0,33,0,0,NA,NA,34.7,NA,NA,NA,CYP,914548,498037471,0.001836303598128262
1999,Cyprus,0,1.7,0,33,0,0,NA,NA,34.7,NA,NA,NA,CYP,931234,499004122,0.0018661849851412651
2000,Cyprus,0,1.7,0,33,0,0,NA,NA,34.7,NA,NA,NA,CYP,947667,499798011,0.0018960999826788025
2001,Cyprus,0,3,0,34.7,0,0,34.7,3,37.7,NO 3%,AKEL 34.7%,"AKEL 34.7%
NO 3%",CYP,964127,500664525,0.0019256946555180838
2002,Cyprus,0,3,0,34.7,0,0,NA,NA,37.7,NA,NA,NA,CYP,981440,502009057,0.001955024488731485
2003,Cyprus,0,3,0,34.7,0,0,NA,NA,37.7,NA,NA,NA,CYP,999590,503955288,0.001983489455913795
2004,Cyprus,0,3,0,34.7,0,0,NA,NA,37.7,NA,NA,NA,CYP,1017875,506053494,0.002011398028209247
2005,Cyprus,0,3,0,34.7,0,0,NA,NA,37.7,NA,NA,NA,CYP,1036151,508143651,0.0020390907137399225
2006,Cyprus,0,5.75,0,31.13,0,0,31.13,5.75,36.879999999999995,EK 5.75%,AKEL 31.13%,"AKEL 31.13%
EK 5.75%",CYP,1054418,510153708,0.0020668633462132945
2007,Cyprus,0,5.75,0,31.13,0,0,NA,NA,36.879999999999995,NA,NA,NA,CYP,1072714,512283578,0.0020939847499854857
2008,Cyprus,0,5.75,0,31.13,0,0,NA,NA,36.879999999999995,NA,NA,NA,CYP,1091026,514401636,0.002120961372681171
2009,Cyprus,0,5.75,0,31.13,0,0,NA,NA,36.879999999999995,NA,NA,NA,CYP,1109371,516143422,0.0021493463884540214
2010,Cyprus,0,5.75,0,31.13,0,0,NA,NA,36.879999999999995,NA,NA,NA,CYP,1127816,517472369,0.002179470958380775
2011,Cyprus,0,4.96,0,32.67,0,0,32.67,4.96,37.63,"EK 3.88%
ELAM 1.08%",AKEL 32.67%,"AKEL 32.67%
EK 3.88%
ELAM 1.08%",CYP,1146493,517441120,0.0022156975077666807
2012,Cyprus,0,4.96,0,32.67,0,0,NA,NA,37.63,NA,NA,NA,CYP,1165397,518696961,0.0022467781529955794
2013,Cyprus,0,4.96,0,32.67,0,0,NA,NA,37.63,NA,NA,NA,CYP,1183895,519632664,0.0022783306016343884
2014,Cyprus,0,4.96,0,32.67,0,0,NA,NA,37.63,NA,NA,NA,CYP,1201801,520760605,0.002307780174731151
2015,Cyprus,0,4.96,0,32.67,0,0,NA,NA,37.63,NA,NA,NA,CYP,1219502,522238816,0.0023351423958497945
2016,Cyprus,0,8.95,0,31.68,0,0,31.68,8.95,40.629999999999995,"KINHMA 5.24%
ELAM 3.71%","AKEL 25.67%
SYM 6.01%","AKEL 25.67%
SYM 6.01%
KINHMA 5.24%
ELAM 3.71%",CYP,1237112,523772443,0.0023619264750054823
2017,Cyprus,0,8.95,0,31.68,0,0,NA,NA,40.629999999999995,NA,NA,NA,CYP,1254275,524892162,0.002389586072729354
2018,Cyprus,0,8.95,0,31.68,0,0,NA,NA,40.629999999999995,NA,NA,NA,CYP,1270737,526313953,0.0024144087245963628
2019,Cyprus,0,8.95,0,31.68,0,0,NA,NA,40.629999999999995,NA,NA,NA,CYP,1286671,527321280,0.002440013420281465
2020,Cyprus,0,8.95,0,31.68,0,0,NA,NA,40.629999999999995,NA,NA,NA,CYP,1302247,527483574,0.0024687915684745093
2021,Cyprus,0,9.09,0,22.34,0,0,22.34,9.09,31.43,"ELAM 6.78%
KINHMA 2.31%",AKEL 22.34%,"AKEL 22.34%
ELAM 6.78%
KINHMA 2.31%",CYP,1317309,527178594,0.0024987907608403385
2022,Cyprus,0,9.09,0,22.34,0,0,NA,NA,31.43,NA,NA,NA,CYP,1331370,528891778,0.0025172824675674956
1993,Czech_Republic,5.98,0,14.05,0,0,0,NA,NA,0,NA,NA,NA,CZE,10329855,493206031,0.020944299847785113
1994,Czech_Republic,5.98,0,14.05,0,0,0,NA,NA,0,NA,NA,NA,CZE,10333587,494491729,0.020897390985481983
1995,Czech_Republic,5.98,0,14.05,0,0,0,NA,NA,0,NA,NA,NA,CZE,10327253,495519000,0.02084128560156119
1996,Czech_Republic,8.01,0,10.33,0,0,0,10.33,8.01,0,SPR-RSC 8.01%,KSCM 10.33%,none,CZE,10315241,496414281,0.020779500902392452
1997,Czech_Republic,8.01,0,10.33,0,0,0,NA,NA,0,NA,NA,NA,CZE,10304131,497247005,0.020722359101991977
1998,Czech_Republic,3.9,0,11.03,0,0,0,11.03,3.9,0,SPR-RSC 3.9%,KSCM 11.03%,none,CZE,10294373,498037471,0.020669876463973932
1999,Czech_Republic,3.9,0,11.03,0,0,0,NA,NA,0,NA,NA,NA,CZE,10283860,499004122,0.02060876763659279
2000,Czech_Republic,3.9,0,11.03,0,0,0,NA,NA,0,NA,NA,NA,CZE,10255063,499798011,0.020518414988250123
2001,Czech_Republic,3.9,0,11.03,0,0,0,NA,NA,0,NA,NA,NA,CZE,10216605,500664525,0.02040608928703307
2002,Czech_Republic,0,0,18.51,0,0,0,18.51,0,0,none,KSCM 18.51%,none,CZE,10196916,502009057,0.020312215203718925
2003,Czech_Republic,0,0,18.51,0,0,0,NA,NA,0,NA,NA,NA,CZE,10193998,503955288,0.020227981018824035
2004,Czech_Republic,0,0,18.51,0,0,0,NA,NA,0,NA,NA,NA,CZE,10197101,506053494,0.020150243246813745
2005,Czech_Republic,0,0,18.51,0,0,0,NA,NA,0,NA,NA,NA,CZE,10211216,508143651,0.02009513644400528
2006,Czech_Republic,0,0,12.81,0,0,0,12.81,0,0,none,KSCM 12.81%,none,CZE,10238905,510153708,0.020070235380902104
2007,Czech_Republic,0,0,12.81,0,0,0,NA,NA,0,NA,NA,NA,CZE,10298828,512283578,0.020103763700971104
2008,Czech_Republic,0,0,12.81,0,0,0,NA,NA,0,NA,NA,NA,CZE,10384603,514401636,0.020187733228748908
2009,Czech_Republic,0,0,12.81,0,0,0,NA,NA,0,NA,NA,NA,CZE,10443936,516143422,0.020234561857886083
2010,Czech_Republic,0,0,11.27,0,10.88,0,11.27,0,10.88,none,KSCM 11.27%,VV 10.88%,CZE,10474410,517472369,0.020241486555584574
2011,Czech_Republic,0,0,11.27,0,10.88,0,NA,NA,10.88,NA,NA,NA,CZE,10496088,517441120,0.020284603589293407
2012,Czech_Republic,0,0,11.27,0,10.88,0,NA,NA,10.88,NA,NA,NA,CZE,10510785,518696961,0.020263826068570315
2013,Czech_Republic,0,6.88,14.91,0,18.65,0,14.91,6.88,25.529999999999998,UPD 6.88%,KSCM 14.91%,"ANO 18.65%
UPD 6.88%",CZE,10514272,519632664,0.020234047488592827
2014,Czech_Republic,0,6.88,14.91,0,18.65,0,NA,NA,25.529999999999998,NA,NA,NA,CZE,10525347,520760605,0.020211488539921333
2015,Czech_Republic,0,6.88,14.91,0,18.65,0,NA,NA,25.529999999999998,NA,NA,NA,CZE,10546059,522238816,0.020193939394960638
2016,Czech_Republic,0,6.88,14.91,0,18.65,0,NA,NA,25.529999999999998,NA,NA,NA,CZE,10566332,523772443,0.02017351645970424
2017,Czech_Republic,0,10.64,7.76,0,29.64,0,7.76,10.64,40.28,SPD 10.64%,KSCM 7.76%,"ANO 29.64%
SPD 10.64%",CZE,10594438,524892162,0.020184027819413315
2018,Czech_Republic,0,10.64,7.76,0,29.64,0,NA,NA,40.28,NA,NA,NA,CZE,10629928,526313953,0.020196933673160666
2019,Czech_Republic,0,10.64,7.76,0,29.64,0,NA,NA,40.28,NA,NA,NA,CZE,10671870,527321280,0.020237889887546354
2020,Czech_Republic,0,10.64,7.76,0,29.64,0,NA,NA,40.28,NA,NA,NA,CZE,10697858,527483574,0.020280931060803042
2021,Czech_Republic,0,10.89,3.61,0,31.81,0,3.61,10.89,42.7,"SPD 9.56%
VB 1.33%",KSCM 3.61%,"ANO 27.13%
SPD 9.56%
P 4.68%
VB 1.33%",CZE,10505772,527178594,0.01992829777151384
2022,Czech_Republic,0,10.89,3.61,0,31.81,0,NA,NA,42.7,NA,NA,NA,CZE,10672118,528891778,0.02017826414386045
1993,Denmark,0,0,10,0,6.4,0,NA,NA,6.4,NA,NA,NA,DNK,5188628,493206031,0.010520203878042197
1994,Denmark,0,0,10.4,0,6.4,0,10.4,0,6.4,none,"SF 7.3%
En-O 3.1%",FrP 6.4%,DNK,5206180,494491729,0.010528345965519678
1995,Denmark,0,0,10.4,0,6.4,0,NA,NA,6.4,NA,NA,NA,DNK,5233373,495519000,0.010561397242083553
1996,Denmark,0,0,10.4,0,6.4,0,NA,NA,6.4,NA,NA,NA,DNK,5263074,496414281,0.01060218088286626
1997,Denmark,0,0,10.4,0,6.4,0,NA,NA,6.4,NA,NA,NA,DNK,5284991,497247005,0.010628502428084005
1998,Denmark,0,7.4,10.3,0,2.4,0,10.3,7.4,9.8,DF 7.4%,"SF 7.6%
En-O 2.7%","DF 7.4%
FrP 2.4%",DNK,5304219,498037471,0.010650240812904617
1999,Denmark,0,7.4,10.3,0,2.4,0,NA,NA,9.8,NA,NA,NA,DNK,5321799,499004122,0.010664839758578187
2000,Denmark,0,7.4,10.3,0,2.4,0,NA,NA,9.8,NA,NA,NA,DNK,5339616,499798011,0.010683547918320947
2001,Denmark,0,12,8.8,0,0.5,0,8.8,12,12.5,DF 12%,"SF 6.4%
En-O 2.4%","DF 12%
FrP 0.5%",DNK,5358783,500664525,0.010703340725009426
2002,Denmark,0,12,8.8,0,0.5,0,NA,NA,12.5,NA,NA,NA,DNK,5375931,502009057,0.010708832689446876
2003,Denmark,0,12,8.8,0,0.5,0,NA,NA,12.5,NA,NA,NA,DNK,5390574,503955288,0.010696532268553157
2004,Denmark,0,12,8.8,0,0.5,0,NA,NA,12.5,NA,NA,NA,DNK,5404523,506053494,0.010679746438031707
2005,Denmark,0,13.3,9.4,0,0,0,9.4,13.3,13.3,DF 13.3%,"SF 6%
En-O 3.4%",DF 13.3%,DNK,5419432,508143651,0.010665157361180923
2006,Denmark,0,13.3,9.4,0,0,0,NA,NA,13.3,NA,NA,NA,DNK,5437272,510153708,0.010658105419474869
2007,Denmark,0,13.9,15.2,0,0,0,15.2,13.9,13.9,DF 13.9%,"SF 13%
En-O 2.2%",DF 13.9%,DNK,5461438,512283578,0.010660966375931731
2008,Denmark,0,13.9,15.2,0,0,0,NA,NA,13.9,NA,NA,NA,DNK,5493621,514401636,0.01067963360831924
2009,Denmark,0,13.9,15.2,0,0,0,NA,NA,13.9,NA,NA,NA,DNK,5523095,516143422,0.01070069822569588
2010,Denmark,0,13.9,15.2,0,0,0,NA,NA,13.9,NA,NA,NA,DNK,5547683,517472369,0.010720732801097636
2011,Denmark,0,12.3,15.899999999999999,0,0,0,15.899999999999999,12.3,12.3,DF 12.3%,"SF 9.2%
En-O 6.7%",DF 12.3%,DNK,5570572,517441120,0.010765615225941069
2012,Denmark,0,12.3,15.899999999999999,0,0,0,NA,NA,12.3,NA,NA,NA,DNK,5591572,518696961,0.010780036168363052
2013,Denmark,0,12.3,15.899999999999999,0,0,0,NA,NA,12.3,NA,NA,NA,DNK,5614932,519632664,0.01080557938136083
2014,Denmark,0,12.3,15.899999999999999,0,0,0,NA,NA,12.3,NA,NA,NA,DNK,5643475,520760605,0.01083698525928243
2015,Denmark,0,21.1,12,0,0,0,12,21.1,21.1,DF 21.1%,"En-O 7.8%
SF 4.2%",DF 21.1%,DNK,5683483,522238816,0.010882919510908204
2016,Denmark,0,21.1,12,0,0,0,NA,NA,21.1,NA,NA,NA,DNK,5728010,523772443,0.010936065989252512
2017,Denmark,0,21.1,12,0,0,0,NA,NA,21.1,NA,NA,NA,DNK,5764980,524892162,0.010983170291653164
2018,Denmark,0,21.1,12,0,0,0,NA,NA,21.1,NA,NA,NA,DNK,5793636,526313953,0.011007946810028804
2019,Denmark,0,11.1,14.600000000000001,0,0,0,14.600000000000001,11.1,11.1,"DF 8.7%
NB 2.4%","SF 7.7%
En-O 6.9%","DF 8.7%
NB 2.4%",DNK,5814422,527321280,0.011026336733461619
2020,Denmark,0,11.1,14.600000000000001,0,0,0,NA,NA,11.1,NA,NA,NA,DNK,5831404,527483574,0.011055138562475881
2021,Denmark,0,11.1,14.600000000000001,0,0,0,NA,NA,11.1,NA,NA,NA,DNK,5856733,527178594,0.011109580447039169
2022,Denmark,0,6.300000000000001,13.4,0,0,0,13.4,6.300000000000001,6.300000000000001,"NB 3.7%
DF 2.6%","SF 8.3%
En-O 5.1%","NB 3.7%
DF 2.6%",DNK,5903037,528891778,0.01116114344284626
1993,Estonia,8.79,6.89,0,0,0,0,NA,NA,6.89,NA,NA,NA,EST,1494128,493206031,0.0030294195652283092
1994,Estonia,8.79,6.89,0,0,0,0,NA,NA,6.89,NA,NA,NA,EST,1462514,494491729,0.0029576106418556496
1995,Estonia,0,3.61,0,0,14.17,0,0,3.61,17.78,EKo 3.61%,none,"EK 14.17%
EKo 3.61%",EST,1436634,495519000,0.0028992510882529226
1996,Estonia,0,3.61,0,0,14.17,0,NA,NA,17.78,NA,NA,NA,EST,1415594,496414281,0.0028516383476082955
1997,Estonia,0,3.61,0,0,14.17,0,NA,NA,17.78,NA,NA,NA,EST,1399535,497247005,0.0028145669776331785
1998,Estonia,0,3.61,0,0,14.17,0,NA,NA,17.78,NA,NA,NA,EST,1386156,498037471,0.0027832363641570254
1999,Estonia,0,7.27,0,0,23.41,0,0,7.27,30.68,ERa/EKR 7.27%,none,"EK 23.41%
ERa/EKR 7.27%",EST,1390244,499004122,0.0027860371061223417
2000,Estonia,0,7.27,0,0,23.41,0,NA,NA,30.68,NA,NA,NA,EST,1396985,499798011,0.00279509915856788
2001,Estonia,0,7.27,0,0,23.41,0,NA,NA,30.68,NA,NA,NA,EST,1388115,500664525,0.0027725451488698947
2002,Estonia,0,7.27,0,0,23.41,0,NA,NA,30.68,NA,NA,NA,EST,1379350,502009057,0.002747659590532049
2003,Estonia,0,13,0,0,50,0,0,13,63,ERa/EKR 13%,none,"ERP 24.6%
EK 25.4%
ERa/EKR 13%",EST,1370720,503955288,0.0027199238357828283
2004,Estonia,0,13,0,0,50,0,NA,NA,63,NA,NA,NA,EST,1362550,506053494,0.0026925019116654887
2005,Estonia,0,13,0,0,50,0,NA,NA,63,NA,NA,NA,EST,1354775,508143651,0.0026661260006572434
2006,Estonia,0,13,0,0,50,0,NA,NA,63,NA,NA,NA,EST,1346810,510153708,0.00264000825413975
2007,Estonia,0,7.1,0,0,26.1,0,0,7.1,33.2,ERa/EKR 7.1%,none,"EK 26.1%
ERa/EKR 7.1%",EST,1340680,512283578,0.002617066128167005
2008,Estonia,0,7.1,0,0,26.1,0,NA,NA,33.2,NA,NA,NA,EST,1337090,514401636,0.002599311328784343
2009,Estonia,0,7.1,0,0,26.1,0,NA,NA,33.2,NA,NA,NA,EST,1334515,516143422,0.0025855507270225366
2010,Estonia,0,7.1,0,0,26.1,0,NA,NA,33.2,NA,NA,NA,EST,1331475,517472369,0.002573035933441308
2011,Estonia,0,2.1,0,0,23.3,0,0,2.1,25.400000000000002,ERa/EKR 2.1%,none,"EK 23.3%
ERa/EKR 2.1%",EST,1327439,517441120,0.0025653914014409987
2012,Estonia,0,2.1,0,0,23.3,0,NA,NA,25.400000000000002,NA,NA,NA,EST,1322696,518696961,0.002550036147213903
2013,Estonia,0,2.1,0,0,23.3,0,NA,NA,25.400000000000002,NA,NA,NA,EST,1317997,519632664,0.002536401368332765
2014,Estonia,0,2.1,0,0,23.3,0,NA,NA,25.400000000000002,NA,NA,NA,EST,1314545,520760605,0.002524278886264832
2015,Estonia,0,8.15,0,0,24.81,0,0,8.15,32.96,ERa/EKR 8.15%,none,"EK 24.81%
ERa/EKR 8.15%",EST,1315407,522238816,0.0025187844329058835
2016,Estonia,0,8.15,0,0,24.81,0,NA,NA,32.96,NA,NA,NA,EST,1315790,523772443,0.0025121405633018383
2017,Estonia,0,8.15,0,0,24.81,0,NA,NA,32.96,NA,NA,NA,EST,1317384,524892162,0.002509818388181609
2018,Estonia,0,8.15,0,0,24.81,0,NA,NA,32.96,NA,NA,NA,EST,1321977,526313953,0.002511765064301839
2019,Estonia,0,17.8,0,0,23.1,0,0,17.8,40.900000000000006,ERa/EKR 17.8%,none,"EK 23.1%
ERa/EKR 17.8%",EST,1326898,527321280,0.0025162989819034042
2020,Estonia,0,17.8,0,0,23.1,0,NA,NA,40.900000000000006,NA,NA,NA,EST,1329522,527483574,0.0025204993397576394
2021,Estonia,0,17.8,0,0,23.1,0,NA,NA,40.900000000000006,NA,NA,NA,EST,1330932,527178594,0.0025246320983966205
2022,Estonia,0,17.8,0,0,23.1,0,NA,NA,40.900000000000006,NA,NA,NA,EST,1348840,528891778,0.0025503137997354157
1993,Finland,0,4.8,10.1,0,0,0,NA,NA,4.8,NA,NA,NA,FIN,5066447,493206031,0.010272475763784811
1994,Finland,0,4.8,10.1,0,0,0,NA,NA,4.8,NA,NA,NA,FIN,5088333,494491729,0.010290026509219934
1995,Finland,0,1.3,11.2,0,0,0,11.2,1.3,1.3,SP|P 1.3%,DL|VAS 11.2%,SP|P 1.3%,FIN,5107790,495519000,0.010307959936954991
1996,Finland,0,1.3,11.2,0,0,0,NA,NA,1.3,NA,NA,NA,FIN,5124573,496414281,0.010323178031213812
1997,Finland,0,1.3,11.2,0,0,0,NA,NA,1.3,NA,NA,NA,FIN,5139835,497247005,0.01033658312331112
1998,Finland,0,1.3,11.2,0,0,0,NA,NA,1.3,NA,NA,NA,FIN,5153498,498037471,0.010347610973231369
1999,Finland,0,1,10.9,0,0,0,10.9,1,1,SP|P 1%,DL|VAS 10.9%,SP|P 1%,FIN,5165474,499004122,0.010351565793278157
2000,Finland,0,1,10.9,0,0,0,NA,NA,1,NA,NA,NA,FIN,5176209,499798011,0.010356601839297836
2001,Finland,0,1,10.9,0,0,0,NA,NA,1,NA,NA,NA,FIN,5188008,500664525,0.010362244059532679
2002,Finland,0,1,10.9,0,0,0,NA,NA,1,NA,NA,NA,FIN,5200598,502009057,0.010359570066481888
2003,Finland,0,1.6,9.9,0,0,0,9.9,1.6,1.6,SP|P 1.6%,DL|VAS 9.9%,SP|P 1.6%,FIN,5213014,503955288,0.010344199424294959
2004,Finland,0,1.6,9.9,0,0,0,NA,NA,1.6,NA,NA,NA,FIN,5228172,506053494,0.010331263516579928
2005,Finland,0,1.6,9.9,0,0,0,NA,NA,1.6,NA,NA,NA,FIN,5246096,508143651,0.010324041222744707
2006,Finland,0,1.6,9.9,0,0,0,NA,NA,1.6,NA,NA,NA,FIN,5266268,510153708,0.010322904484308875
2007,Finland,0,4.1,8.8,0,0,0,8.8,4.1,4.1,SP|P 4.1%,DL|VAS 8.8%,SP|P 4.1%,FIN,5288720,512283578,0.010323813268907871
2008,Finland,0,4.1,8.8,0,0,0,NA,NA,4.1,NA,NA,NA,FIN,5313399,514401636,0.010329280912318094
2009,Finland,0,4.1,8.8,0,0,0,NA,NA,4.1,NA,NA,NA,FIN,5338871,516143422,0.010343774176782979
2010,Finland,0,4.1,8.8,0,0,0,NA,NA,4.1,NA,NA,NA,FIN,5363352,517472369,0.010364518612587022
2011,Finland,0,19.1,8.1,0,0,0,8.1,19.1,19.1,SP|P 19.1%,DL|VAS 8.1%,SP|P 19.1%,FIN,5388272,517441120,0.010413304609421067
2012,Finland,0,19.1,8.1,0,0,0,NA,NA,19.1,NA,NA,NA,FIN,5413971,518696961,0.01043763778673845
2013,Finland,0,19.1,8.1,0,0,0,NA,NA,19.1,NA,NA,NA,FIN,5438972,519632664,0.010466955556897016
2014,Finland,0,19.1,8.1,0,0,0,NA,NA,19.1,NA,NA,NA,FIN,5461512,520760605,0.01048756750714659
2015,Finland,0,17.65,7.13,0,0,0,7.13,17.65,17.65,SP|P 17.65%,DL|VAS 7.13%,SP|P 17.65%,FIN,5479531,522238816,0.010492385537271132
2016,Finland,0,17.65,7.13,0,0,0,NA,NA,17.65,NA,NA,NA,FIN,5495303,523772443,0.010491775719479766
2017,Finland,0,17.65,7.13,0,0,0,NA,NA,17.65,NA,NA,NA,FIN,5508214,524892162,0.010493991716340394
2018,Finland,0,17.65,7.13,0,0,0,NA,NA,17.65,NA,NA,NA,FIN,5515525,526313953,0.010479534066238217
2019,Finland,0,17.5,8.2,0,2.25,0,8.2,17.5,19.75,SP|P 17.5%,DL|VAS 8.2%,"SP|P 17.5%
LN 2.25%",FIN,5521606,527321280,0.010471047176400695
2020,Finland,0,17.5,8.2,0,2.25,0,NA,NA,19.75,NA,NA,NA,FIN,5529543,527483574,0.010482872401255096
2021,Finland,0,17.5,8.2,0,2.25,0,NA,NA,19.75,NA,NA,NA,FIN,5541017,527178594,0.010510701805923478
2022,Finland,0,17.5,8.2,0,2.25,0,NA,NA,19.75,NA,NA,NA,FIN,5556106,528891778,0.010505185051297961
1993,France,0,12.4,9.2,0,0,0,9.2,12.4,12.4,FN 12.4%,PCF 9.2%,FN 12.4%,FRA,59103094,493206031,0.11983449164270256
1994,France,0,12.4,9.2,0,0,0,NA,NA,12.4,NA,NA,NA,FRA,59324863,494491729,0.11997139592197305
1995,France,0,12.4,9.2,0,0,0,NA,NA,12.4,NA,NA,NA,FRA,59541294,495519000,0.12015945705411901
1996,France,0,12.4,9.2,0,0,0,NA,NA,12.4,NA,NA,NA,FRA,59754504,496414281,0.12037225012871859
1997,France,0,14.95,9.93,0,0,0,9.93,14.95,14.95,FN 14.95%,PCF 9.93%,FN 14.95%,FRA,59968066,497247005,0.12060015524879833
1998,France,0,14.95,9.93,0,0,0,NA,NA,14.95,NA,NA,NA,FRA,60190684,498037471,0.12085573376465884
1999,France,0,14.95,9.93,0,0,0,NA,NA,14.95,NA,NA,NA,FRA,60501986,499004122,0.12124546337915822
2000,France,0,14.95,9.93,0,0,0,NA,NA,14.95,NA,NA,NA,FRA,60918661,499798011,0.12188656148933734
2001,France,0,14.95,9.93,0,0,0,NA,NA,14.95,NA,NA,NA,FRA,61364377,500664525,0.12256585784662893
2002,France,1.17,11.34,6.0200000000000005,0,0,0,6.0200000000000005,12.51,11.34,"RPF 0.37%
MF 0.8%
FN 11.34%","PCF 4.82%
LO 1.2%",FN 11.34%,FRA,61812142,502009057,0.1231295354896356
2003,France,1.17,11.34,6.0200000000000005,0,0,0,NA,NA,11.34,NA,NA,NA,FRA,62249855,503955288,0.12352257528052767
2004,France,1.17,11.34,6.0200000000000005,0,0,0,NA,NA,11.34,NA,NA,NA,FRA,62707588,506053494,0.12391493931667232
2005,France,1.17,11.34,6.0200000000000005,0,0,0,NA,NA,11.34,NA,NA,NA,FRA,63180854,508143651,0.12433660024220199
2006,France,1.17,11.34,6.0200000000000005,0,0,0,NA,NA,11.34,NA,NA,NA,FRA,63622342,510153708,0.12471210343530424
2007,France,1.2,4.29,4.3,0,0,0,4.3,5.49,4.29,"MF 1.2%
FN 4.29%",PCF 4.3%,FN 4.29%,FRA,64016890,512283578,0.12496377543455044
2008,France,1.2,4.29,4.3,0,0,0,NA,NA,4.29,NA,NA,NA,FRA,64375116,514401636,0.1251456284248676
2009,France,1.2,4.29,4.3,0,0,0,NA,NA,4.29,NA,NA,NA,FRA,64706436,516143422,0.12536522455186885
2010,France,1.2,4.29,4.3,0,0,0,NA,NA,4.29,NA,NA,NA,FRA,65026211,517472369,0.1256612234691124
2011,France,1.2,4.29,4.3,0,0,0,NA,NA,4.29,NA,NA,NA,FRA,65340830,517441120,0.1262768409282973
2012,France,0,13.6,6.91,0,0,0,6.91,13.6,13.6,FN 13.6%,PCF 6.91%,FN 13.6%,FRA,65657659,518696961,0.1265819234286973
2013,France,0,13.6,6.91,0,0,0,NA,NA,13.6,NA,NA,NA,FRA,65997932,519632664,0.12700882098512575
2014,France,0,13.6,6.91,0,0,0,NA,NA,13.6,NA,NA,NA,FRA,66312067,520760605,0.12733694976792648
2015,France,0,13.6,6.91,0,0,0,NA,NA,13.6,NA,NA,NA,FRA,66548272,522238816,0.1274288121854198
2016,France,0,13.6,6.91,0,0,0,NA,NA,13.6,NA,NA,NA,FRA,66724104,523772443,0.12739139848180214
2017,France,0,14.37,2.72,11.03,0,0,13.75,14.37,25.4,"FN 13.2%
DLR|DLF 1.17%","FI 11.03%
PCF 2.72%","FI 11.03%
FN 13.2%
DLR|DLF 1.17%",FRA,66918020,524892162,0.1274890822240931
2018,France,0,14.37,2.72,11.03,0,0,NA,NA,25.4,NA,NA,NA,FRA,67158348,526313953,0.12760130643923856
2019,France,0,14.37,2.72,11.03,0,0,NA,NA,25.4,NA,NA,NA,FRA,67382061,527321280,0.12778179746510515
2020,France,0,14.37,2.72,11.03,0,0,NA,NA,25.4,NA,NA,NA,FRA,67601110,527483574,0.1281577537805945
2021,France,0,14.37,2.72,11.03,0,0,NA,NA,25.4,NA,NA,NA,FRA,67842811,527178594,0.12869037508757422
2022,France,0,18.68,0,25.66,0,0,25.66,18.68,44.34,FN 18.68%,FI 25.66%,"FI 25.66%
FN 18.68%",FRA,68184457,528891778,0.12891948757047988
1993,Germany,0,2.1,0,2.4,0,0,NA,NA,4.5,NA,NA,NA,DEU,81156363,493206031,0.16454860220474474
1994,Germany,0,1.9,0,4.4,0,0,4.4,1.9,6.300000000000001,Rep 1.9%,PDS|Li 4.4%,"PDS|Li 4.4%
Rep 1.9%",DEU,81438348,494491729,0.16469102155599452
1995,Germany,0,1.9,0,4.4,0,0,NA,NA,6.300000000000001,NA,NA,NA,DEU,81678051,495519000,0.16483333837854855
1996,Germany,0,1.9,0,4.4,0,0,NA,NA,6.300000000000001,NA,NA,NA,DEU,81914831,496414281,0.16501304280567222
1997,Germany,0,1.9,0,4.4,0,0,NA,NA,6.300000000000001,NA,NA,NA,DEU,82034771,497247005,0.16497790871560905
1998,Germany,0,1.8,0,5.1,0,0,5.1,1.8,6.8999999999999995,Rep 1.8%,PDS|Li 5.1%,"PDS|Li 5.1%
Rep 1.8%",DEU,82047195,498037471,0.1647410080114233
1999,Germany,0,1.8,0,5.1,0,0,NA,NA,6.8999999999999995,NA,NA,NA,DEU,82100243,499004122,0.16452818600163788
2000,Germany,0,1.8,0,5.1,0,0,NA,NA,6.8999999999999995,NA,NA,NA,DEU,82211508,499798011,0.16448946612554646
2001,Germany,0,1.8,0,5.1,0,0,NA,NA,6.8999999999999995,NA,NA,NA,DEU,82349925,500664525,0.16448124619973825
2002,Germany,0,0.6,0,4,0,0,4,0.6,4.6,Rep 0.6%,PDS|Li 4%,"PDS|Li 4%
Rep 0.6%",DEU,82488495,502009057,0.16431674658013193
2003,Germany,0,0.6,0,4,0,0,NA,NA,4.6,NA,NA,NA,DEU,82534176,503955288,0.16377281470256147
2004,Germany,0,0.6,0,4,0,0,NA,NA,4.6,NA,NA,NA,DEU,82516260,506053494,0.16305837422001873
2005,Germany,0,0,0,8.7,0,0,8.7,0,8.7,none,PDS|Li 8.7%,PDS|Li 8.7%,DEU,82469422,508143651,0.1622954883677175
2006,Germany,0,0,0,8.7,0,0,NA,NA,8.7,NA,NA,NA,DEU,82376451,510153708,0.1614737866415743
2007,Germany,0,0,0,8.7,0,0,NA,NA,8.7,NA,NA,NA,DEU,82266372,512283578,0.16058756425723256
2008,Germany,0,0,0,8.7,0,0,NA,NA,8.7,NA,NA,NA,DEU,82110097,514401636,0.15962254249129176
2009,Germany,0,0,0,11.9,0,0,11.9,0,11.9,none,PDS|Li 11.9%,PDS|Li 11.9%,DEU,81902307,516143422,0.1586812957581391
2010,Germany,0,0,0,11.9,0,0,NA,NA,11.9,NA,NA,NA,DEU,81776930,517472369,0.15803149095290148
2011,Germany,0,0,0,11.9,0,0,NA,NA,11.9,NA,NA,NA,DEU,80274983,517441120,0.15513839139803964
2012,Germany,0,0,0,11.9,0,0,NA,NA,11.9,NA,NA,NA,DEU,80425823,518696961,0.15505358436059932
2013,Germany,0,0,0,8.6,4.7,0,8.6,0,13.3,none,PDS|Li 8.6%,"PDS|Li 8.6%
AfD 4.7%",DEU,80645605,519632664,0.15519733570867283
2014,Germany,0,0,0,8.6,4.7,0,NA,NA,13.3,NA,NA,NA,DEU,80982500,520760605,0.15550811490435226
2015,Germany,0,0,0,8.6,4.7,0,NA,NA,13.3,NA,NA,NA,DEU,81686611,522238816,0.15641619982533048
2016,Germany,0,0,0,8.6,4.7,0,NA,NA,13.3,NA,NA,NA,DEU,82348669,523772443,0.15722222522501056
2017,Germany,0,12.6,0,9.2,0,0,9.2,12.6,21.799999999999997,AfD 12.6%,PDS|Li 9.2%,"AfD 12.6%
PDS|Li 9.2%",DEU,82657002,524892162,0.15747425468319337
2018,Germany,0,12.6,0,9.2,0,0,NA,NA,21.799999999999997,NA,NA,NA,DEU,82905782,526313953,0.1575215354398936
2019,Germany,0,12.6,0,9.2,0,0,NA,NA,21.799999999999997,NA,NA,NA,DEU,83092962,527321280,0.1575755903497769
2020,Germany,0,12.6,0,9.2,0,0,NA,NA,21.799999999999997,NA,NA,NA,DEU,83160871,527483574,0.15765584958291043
2021,Germany,0,10.34,0,4.89,0,0,4.89,10.34,15.23,AfD 10.34%,PDS|Li 4.89%,"AfD 10.34%
PDS|Li 4.89%",DEU,83196078,527178594,0.15781383945949823
2022,Germany,0,10.34,0,4.89,0,0,NA,NA,15.23,NA,NA,NA,DEU,83177813,528891778,0.15726811506606556
1993,Greece,0,4.9,4.5,2.9,0,0,7.4,4.9,7.800000000000001,POLAN 4.9%,"KKE 4.5%
SYN 2.9%","POLAN 4.9%
SYN 2.9%",GRC,10460415,493206031,0.021209016805392632
1994,Greece,0,4.9,4.5,2.9,0,0,NA,NA,7.800000000000001,NA,NA,NA,GRC,10512922,494491729,0.021260056303186416
1995,Greece,0,4.9,4.5,2.9,0,0,NA,NA,7.800000000000001,NA,NA,NA,GRC,10562153,495519000,0.021315334023518775
1996,Greece,0,2.94,5.61,9.55,0,0,15.16,2.94,12.49,POLAN 2.94%,"KKE 5.61%
SYN 5.12%
DIKKI 4.43%","SYN 5.12%
DIKKI 4.43%
POLAN 2.94%",GRC,10608800,496414281,0.02137085979603395
1997,Greece,0,2.94,5.61,9.55,0,0,NA,NA,12.49,NA,NA,NA,GRC,10661259,497247005,0.021440569561600478
1998,Greece,0,2.94,5.61,9.55,0,0,NA,NA,12.49,NA,NA,NA,GRC,10720509,498037471,0.021525506862916346
1999,Greece,0,2.94,5.61,9.55,0,0,NA,NA,12.49,NA,NA,NA,GRC,10761698,499004122,0.02156635090882075
2000,Greece,0,0,5.52,5.890000000000001,0,0,11.41,0,5.890000000000001,none,"KKE 5.52%
SYN 3.2%
DIKKI 2.69%","SYN 3.2%
DIKKI 2.69%",GRC,10805808,499798011,0.021620350145811203
2001,Greece,0,0,5.52,5.890000000000001,0,0,NA,NA,5.890000000000001,NA,NA,NA,GRC,10862132,500664525,0.021695429689171607
2002,Greece,0,0,5.52,5.890000000000001,0,0,NA,NA,5.890000000000001,NA,NA,NA,GRC,10902022,502009057,0.02171678348823097
2003,Greece,0,0,5.52,5.890000000000001,0,0,NA,NA,5.890000000000001,NA,NA,NA,GRC,10928070,503955288,0.021684602305433096
2004,Greece,0,2.19,5.9,5.05,0,0,10.95,2.19,7.24,LAOS 2.19%,"KKE 5.9%
SYN NA%
DIKKI 1.79%
SYRIZA 3.26%","SYN NA%
DIKKI 1.79%
LAOS 2.19%
SYRIZA 3.26%",GRC,10955141,506053494,0.02164818765187698
2005,Greece,0,2.19,5.9,5.05,0,0,NA,NA,7.24,NA,NA,NA,GRC,10987314,508143651,0.021622456520666043
2006,Greece,0,2.19,5.9,5.05,0,0,NA,NA,7.24,NA,NA,NA,GRC,11020362,510153708,0.021602042339756943
2007,Greece,0,3.8,8.15,5.04,0,0,13.190000000000001,3.8,8.84,LAOS 3.8%,"KKE 8.15%
SYRIZA 5.04%","SYRIZA 5.04%
LAOS 3.8%",GRC,11048473,512283578,0.021567103601357294
2008,Greece,0,3.8,8.15,5.04,0,0,NA,NA,8.84,NA,NA,NA,GRC,11077841,514401636,0.021535392239693422
2009,Greece,0,5.63,7.54,4.6,0,0,12.14,5.63,10.23,LAOS 5.63%,"KKE 7.54%
SYRIZA 4.6%","LAOS 5.63%
SYRIZA 4.6%",GRC,11107017,516143422,0.02151924547824616
2010,Greece,0,5.63,7.54,4.6,0,0,NA,NA,10.23,NA,NA,NA,GRC,11121341,517472369,0.02149166151903272
2011,Greece,0,5.63,7.54,4.6,0,0,NA,NA,10.23,NA,NA,NA,GRC,11104899,517441120,0.02146118383479071
2012,Greece,0,16.009999999999998,4.5,26.89,0,0,31.39,16.009999999999998,42.9,"ANEL 7.51%
LS-CA 6.92%
LAOS 1.58%","SYRIZA 26.89%
KKE 4.5%","SYRIZA 26.89%
ANEL 7.51%
LS-CA 6.92%
LAOS 1.58%",GRC,11045011,518696961,0.02129376462647137
2013,Greece,0,16.009999999999998,4.5,26.89,0,0,NA,NA,42.9,NA,NA,NA,GRC,10965211,519632664,0.021101850902890892
2014,Greece,0,16.009999999999998,4.5,26.89,0,0,NA,NA,42.9,NA,NA,NA,GRC,10892413,520760605,0.02091635368616257
2015,Greece,0,10.68,5.55,38.32,0,0,43.87,10.68,49,"LS-CA 6.99%
ANEL 3.69%","SYRIZA 35.46%
KKE 5.55%
LE|PE 2.86%","SYRIZA 35.46%
LS-CA 6.99%
ANEL 3.69%
LE|PE 2.86%",GRC,10820883,522238816,0.020720181396857332
2016,Greece,0,10.68,5.55,38.32,0,0,NA,NA,49,NA,NA,NA,GRC,10775971,523772443,0.020573764702622968
2017,Greece,0,10.68,5.55,38.32,0,0,NA,NA,49,NA,NA,NA,GRC,10754679,524892162,0.020489311478802383
2018,Greece,0,10.68,5.55,38.32,0,0,NA,NA,49,NA,NA,NA,GRC,10732882,526313953,0.020392546955714092
2019,Greece,0,6.630000000000001,5.3,4.9,31.53,0,10.2,6.630000000000001,43.06,"EL 3.7%
LS-CA 2.93%","KKE 5.3%
MeRA25 3.44%
LE|PE 1.46%","SYRIZA 31.53%
EL 3.7%
MeRA25 3.44%
LS-CA 2.93%
LE|PE 1.46%",GRC,10721582,527321280,0.020332162585966568
2020,Greece,0,6.630000000000001,5.3,4.9,31.53,0,NA,NA,43.06,NA,NA,NA,GRC,10698599,527483574,0.02028233584388355
2021,Greece,0,6.630000000000001,5.3,4.9,31.53,0,NA,NA,43.06,NA,NA,NA,GRC,10569207,527178594,0.020048627012347924
2022,Greece,0,6.630000000000001,5.3,4.9,31.53,0,NA,NA,43.06,NA,NA,NA,GRC,10436882,528891778,0.019733492623891763
1993,Hungary,0,0,3.7,0,11.7,9,NA,NA,11.7,NA,NA,NA,HUN,10357523,493206031,0.021000398107459475
1994,Hungary,0,1.6,3.2,0,8.8,7,3.2,1.6,10.4,MIEP 1.6%,MMP 3.2%,"FKgP 8.8%
MIEP 1.6%",HUN,10343355,494491729,0.020917144602028318
1995,Hungary,0,1.6,3.2,0,8.8,7,NA,NA,10.4,NA,NA,NA,HUN,10328965,495519000,0.02084474056494302
1996,Hungary,0,1.6,3.2,0,8.8,7,NA,NA,10.4,NA,NA,NA,HUN,10311238,496414281,0.02077143707314093
1997,Hungary,0,1.6,3.2,0,8.8,7,NA,NA,10.4,NA,NA,NA,HUN,10290486,497247005,0.020694918011622813
1998,Hungary,0,5.5,4,0,13.1,29.5,4,5.5,18.6,MIEP 5.5%,MMP 4%,"FKgP 13.1%
MIEP 5.5%",HUN,10266570,498037471,0.02061405134715255
1999,Hungary,0,5.5,4,0,13.1,29.5,NA,NA,18.6,NA,NA,NA,HUN,10237530,499004122,0.020515922712157474
2000,Hungary,0,5.5,4,0,13.1,29.5,NA,NA,18.6,NA,NA,NA,HUN,10210971,499798011,0.020430195349456882
2001,Hungary,0,5.5,4,0,13.1,29.5,NA,NA,18.6,NA,NA,NA,HUN,10187576,500664525,0.02034810834660195
2002,Hungary,0,4.37,2.16,0,41.07,0,2.16,4.37,45.44,MIEP 4.37%,MMP 2.16%,"Fi-MPSz 41.07%
MIEP 4.37%",HUN,10158608,502009057,0.020235905823507882
2003,Hungary,0,4.37,2.16,0,41.07,0,NA,NA,45.44,NA,NA,NA,HUN,10129552,503955288,0.020100100626387316
2004,Hungary,0,4.37,2.16,0,41.07,0,NA,NA,45.44,NA,NA,NA,HUN,10107146,506053494,0.019972485359423288
2005,Hungary,0,4.37,2.16,0,41.07,0,NA,NA,45.44,NA,NA,NA,HUN,10087065,508143651,0.019850813800682515
2006,Hungary,0,2.2,0,0,0,0,0,2.2,2.2,MIEP 2.2%,none,"Fi-MPSz NA%
MIEP 2.2%",HUN,10071370,510153708,0.019741834357107132
2007,Hungary,0,2.2,0,0,0,0,NA,NA,2.2,NA,NA,NA,HUN,10055780,512283578,0.019629323351060064
2008,Hungary,0,2.2,0,0,0,0,NA,NA,2.2,NA,NA,NA,HUN,10038188,514401636,0.019514300300553476
2009,Hungary,0,2.2,0,0,0,0,NA,NA,2.2,NA,NA,NA,HUN,10022650,516143422,0.019418342989170168
2010,Hungary,0,16.67,0,0,0,0,0,16.67,16.67,"Fi-MPSz NA%
Jobbik 16.67%",none,"Fi-MPSz NA%
Jobbik 16.67%",HUN,10000023,517472369,0.01932474775286021
2011,Hungary,0,16.67,0,0,0,0,NA,NA,16.67,NA,NA,NA,HUN,9971727,517441120,0.01927123031892015
2012,Hungary,0,16.67,0,0,0,0,NA,NA,16.67,NA,NA,NA,HUN,9920362,518696961,0.01912554486703461
2013,Hungary,0,16.67,0,0,0,0,NA,NA,16.67,NA,NA,NA,HUN,9872734,519632664,0.018999448425744074
2014,Hungary,0,20.22,0.56,0,0,0,0.56,20.22,20.22,"Fi-MPSz NA%
Jobbik 20.22%",MMP 0.56%,"Fi-MPSz NA%
Jobbik 20.22%",HUN,9833038,520760605,0.018882069621990703
2015,Hungary,0,20.22,0.56,0,0,0,NA,NA,20.22,NA,NA,NA,HUN,9797755,522238816,0.018761062371893858
2016,Hungary,0,20.22,0.56,0,0,0,NA,NA,20.22,NA,NA,NA,HUN,9759755,523772443,0.01863357862834338
2017,Hungary,0,20.22,0.56,0,0,0,NA,NA,20.22,NA,NA,NA,HUN,9726756,524892162,0.01853096065092319
2018,Hungary,0,19.06,0,0,0,0,0,19.06,19.06,"Fi-MPSz NA%
Jobbik 19.06%",none,"Fi-MPSz NA%
Jobbik 19.06%
FKgP NA%",HUN,9706964,526313953,0.018443295954192574
2019,Hungary,0,19.06,0,0,0,0,NA,NA,19.06,NA,NA,NA,HUN,9694824,527321280,0.018385042227008173
2020,Hungary,0,19.06,0,0,0,0,NA,NA,19.06,NA,NA,NA,HUN,9670419,527483574,0.01833311874845225
2021,Hungary,0,19.06,0,0,0,0,NA,NA,19.06,NA,NA,NA,HUN,9630932,527178594,0.01826882219728368
2022,Hungary,5.88,0,0,0,0,0,0,5.88,0,"Fi-MPSz NA%
MHM 5.88%",none,"Fi-MPSz NA%
Jobbik NA%",HUN,9605074,528891778,0.018160754996648862
1993,Iceland,0,0,0,0,18.9,0,NA,NA,18.9,NA,NA,NA,ISL,263725,493206031,5.347156835557837e-4
1994,Iceland,0,0,0,0,18.9,0,NA,NA,18.9,NA,NA,NA,ISL,266021,494491729,5.379685531605727e-4
1995,Iceland,0,0,0,0,23.3,0,0,0,23.3,none,none,F 23.3%,ISL,267468,495519000,5.397734496558154e-4
1996,Iceland,0,0,0,0,23.3,0,NA,NA,23.3,NA,NA,NA,ISL,268916,496414281,5.41716889083616e-4
1997,Iceland,0,0,0,0,23.3,0,NA,NA,23.3,NA,NA,NA,ISL,271128,497247005,5.452581861201959e-4
1998,Iceland,0,0,0,0,23.3,0,NA,NA,23.3,NA,NA,NA,ISL,274047,498037471,5.50253777993343e-4
1999,Iceland,0,0,0,0,18.4,0,0,0,18.4,none,none,F 18.4%,ISL,277381,499004122,5.558691557261325e-4
2000,Iceland,0,0,0,0,18.4,0,NA,NA,18.4,NA,NA,NA,ISL,281205,499798011,5.626372930883873e-4
2001,Iceland,0,0,0,0,18.4,0,NA,NA,18.4,NA,NA,NA,ISL,284968,500664525,5.69179531943071e-4
2002,Iceland,0,0,0,0,18.4,0,NA,NA,18.4,NA,NA,NA,ISL,287523,502009057,5.727446467166029e-4
2003,Iceland,0,0,0,0,17.7,0,0,0,17.7,none,none,F 17.7%,ISL,289521,503955288,5.744973946974439e-4
2004,Iceland,0,0,0,0,17.7,0,NA,NA,17.7,NA,NA,NA,ISL,292074,506053494,5.771603268487659e-4
2005,Iceland,0,0,0,0,17.7,0,NA,NA,17.7,NA,NA,NA,ISL,296734,508143651,5.839569173324179e-4
2006,Iceland,0,0,0,0,17.7,0,NA,NA,17.7,NA,NA,NA,ISL,303782,510153708,5.954715122839017e-4
2007,Iceland,0,0,0,0,11.7,0,0,0,11.7,none,none,F 11.7%,ISL,311566,512283578,6.081904893699325e-4
2008,Iceland,0,0,0,0,11.7,0,NA,NA,11.7,NA,NA,NA,ISL,317414,514401636,6.170548026795155e-4
2009,Iceland,0,0,0,0,22,0,0,0,22,none,none,"F 14.8%
B-H 7.2%",ISL,318499,516143422,6.170746083827839e-4
2010,Iceland,0,0,0,0,22,0,NA,NA,22,NA,NA,NA,ISL,318041,517472369,6.146047964157097e-4
2011,Iceland,0,0,0,0,22,0,NA,NA,22,NA,NA,NA,ISL,319014,517441120,6.16522320452615e-4
2012,Iceland,0,0,0,0,22,0,NA,NA,22,NA,NA,NA,ISL,320716,518696961,6.183109293366382e-4
2013,Iceland,0,0,0,0,24.43,0,0,0,24.43,none,none,F 24.43%,ISL,323764,519632664,6.230632183661187e-4
2014,Iceland,0,0,0,0,24.43,0,NA,NA,24.43,NA,NA,NA,ISL,327386,520760605,6.286689063202083e-4
2015,Iceland,0,0,0,0,24.43,0,NA,NA,24.43,NA,NA,NA,ISL,330815,522238816,6.334554036672755e-4
2016,Iceland,0,0,0,0,14.6,0,0,0,14.6,none,none,"F 11.16%
FlF 3.44%",ISL,335439,523772443,6.404288818226354e-4
2017,Iceland,0,0,0,0,17.8,10.7,0,0,17.8,none,none,"M 10.9%
FlF 6.9%",ISL,343400,524892162,6.542296205977638e-4
2018,Iceland,0,0,0,0,17.8,10.7,NA,NA,17.8,NA,NA,NA,ISL,352721,526313953,6.701722384319915e-4
2019,Iceland,0,0,0,0,17.8,10.7,NA,NA,17.8,NA,NA,NA,ISL,360563,527321280,6.837634164887106e-4
2020,Iceland,0,0,0,0,17.8,10.7,NA,NA,17.8,NA,NA,NA,ISL,366463,527483574,6.947382213649747e-4
2021,Iceland,0,0,0,4.1,14.200000000000001,17.3,4.1,0,18.3,none,SFI 4.1%,"FlF 8.8%
M 5.4%
SFI 4.1%",ISL,372520,527178594,7.066296018840249e-4
2022,Iceland,0,0,0,4.1,14.200000000000001,17.3,NA,NA,18.3,NA,NA,NA,ISL,382003,528891778,7.222706343527239e-4
1993,Ireland,0,0,0,0,1.61,0,NA,NA,1.61,NA,NA,NA,IRL,3576261,493206031,0.007251048801550442
1994,Ireland,0,0,0,0,1.61,0,NA,NA,1.61,NA,NA,NA,IRL,3590386,494491729,0.007260760472699433
1995,Ireland,0,0,0,0,1.61,0,NA,NA,1.61,NA,NA,NA,IRL,3608841,495519000,0.007282951814158488
1996,Ireland,0,0,0,0,1.61,0,NA,NA,1.61,NA,NA,NA,IRL,3637510,496414281,0.007327569208267801
1997,Ireland,0,0,0.7,0,2.55,0,0.7,0,2.55,none,SP 0.7%,SF 2.55%,IRL,3674171,497247005,0.007389025902730173
1998,Ireland,0,0,0.7,0,2.55,0,NA,NA,2.55,NA,NA,NA,IRL,3712696,498037471,0.0074546519412391765
1999,Ireland,0,0,0.7,0,2.55,0,NA,NA,2.55,NA,NA,NA,IRL,3754786,499004122,0.00752455908570631
2000,Ireland,0,0,0.7,0,2.55,0,NA,NA,2.55,NA,NA,NA,IRL,3805174,499798011,0.007613423655661567
2001,Ireland,0,0,0.7,0,2.55,0,NA,NA,2.55,NA,NA,NA,IRL,3866243,500664525,0.007722222779814487
2002,Ireland,0,0,0.8,0,6.51,0,0.8,0,6.51,none,SP 0.8%,SF 6.51%,IRL,3931947,502009057,0.007832422433764976
2003,Ireland,0,0,0.8,0,6.51,0,NA,NA,6.51,NA,NA,NA,IRL,3996521,503955288,0.007930308690401122
2004,Ireland,0,0,0.8,0,6.51,0,NA,NA,6.51,NA,NA,NA,IRL,4070262,506053494,0.008043145731150707
2005,Ireland,0,0,0.8,0,6.51,0,NA,NA,6.51,NA,NA,NA,IRL,4159914,508143651,0.008186492130352328
2006,Ireland,0,0,0.8,0,6.51,0,NA,NA,6.51,NA,NA,NA,IRL,4273591,510153708,0.008377065447106384
2007,Ireland,0,0,0.64,0,6.94,0,0.64,0,6.94,none,SP 0.64%,SF 6.94%,IRL,4398942,512283578,0.008586927609848154
2008,Ireland,0,0,0.64,0,6.94,0,NA,NA,6.94,NA,NA,NA,IRL,4489544,514401636,0.00872770163584783
2009,Ireland,0,0,0.64,0,6.94,0,NA,NA,6.94,NA,NA,NA,IRL,4535375,516143422,0.008787044078612707
2010,Ireland,0,0,0.64,0,6.94,0,NA,NA,6.94,NA,NA,NA,IRL,4560155,517472369,0.008812364240456673
2011,Ireland,0,0,1.21,0,9.94,0,1.21,0,9.94,none,SP 1.21%,SF 9.94%,IRL,4580084,517441120,0.008851410958603367
2012,Ireland,0,0,1.21,0,9.94,0,NA,NA,9.94,NA,NA,NA,IRL,4599533,518696961,0.008867476283517304
2013,Ireland,0,0,1.21,0,9.94,0,NA,NA,9.94,NA,NA,NA,IRL,4623816,519632664,0.00889823969957362
2014,Ireland,0,0,1.21,0,9.94,0,NA,NA,9.94,NA,NA,NA,IRL,4657740,520760605,0.008944109741173682
2015,Ireland,0,0,1.21,0,9.94,0,NA,NA,9.94,NA,NA,NA,IRL,4701957,522238816,0.009003461358950384
2016,Ireland,0,0,3.95,0,13.85,0,3.95,0,13.85,none,SP 3.95%,SF 13.85%,IRL,4762722,523772443,0.009093112979981652
2017,Ireland,0,0,3.95,0,13.85,0,NA,NA,13.85,NA,NA,NA,IRL,4827445,524892162,0.00919702245429986
2018,Ireland,0,0,3.95,0,13.85,0,NA,NA,13.85,NA,NA,NA,IRL,4898022,526313953,0.00930627427238282
2019,Ireland,0,0,3.95,0,13.85,0,NA,NA,13.85,NA,NA,NA,IRL,4976456,527321280,0.009437237200061413
2020,Ireland,0,0,0,0,24.53,0,0,0,24.53,none,none,SF 24.53%,IRL,5039747,527483574,0.009554320264008829
2021,Ireland,0,0,0,0,24.53,0,NA,NA,24.53,NA,NA,NA,IRL,5110585,527178594,0.009694219488737435
2022,Ireland,0,0,0,0,24.53,0,NA,NA,24.53,NA,NA,NA,IRL,5212836,528891778,0.009856148680760925
1993,Italy,5.4,8.7,5.6,0,1.9,0,NA,NA,10.6,NA,NA,NA,ITA,56831821,493206031,0.11522937155648853
1994,Italy,0.2,0,0,0,46.4,0,0,0.2,46.4,"LN NA%
AN NA%
LAM 0.2%",PRC NA%,"LN NA%
FI-PdL NA%
Rete NA%
CeD 46.4%",ITA,56843400,494491729,0.11495318660830423
1995,Italy,0.2,0,0,0,46.4,0,NA,NA,46.4,NA,NA,NA,ITA,56844303,495519000,0.11471669703886228
1996,Italy,0.22,10.07,8.57,0,42.1,0,8.57,10.290000000000001,52.17,"AN NA%
LN 10.07%
LAM 0.22%",PRC 8.57%,"FI-PdL NA%
LN 10.07%
CeD 42.1%",ITA,56860281,496414281,0.11454199279975992
1997,Italy,0.22,10.07,8.57,0,42.1,0,NA,NA,52.17,NA,NA,NA,ITA,56890372,497247005,0.11441068810459704
1998,Italy,0.22,10.07,8.57,0,42.1,0,NA,NA,52.17,NA,NA,NA,ITA,56906744,498037471,0.11426197287071196
1999,Italy,0.22,10.07,8.57,0,42.1,0,NA,NA,52.17,NA,NA,NA,ITA,56916317,499004122,0.11405981331753408
2000,Italy,0.22,10.07,8.57,0,42.1,0,NA,NA,52.17,NA,NA,NA,ITA,56942108,499798011,0.11393024131102435
2001,Italy,12.02,3.94,6.7,0,33.44,0,6.7,15.959999999999999,37.379999999999995,"AN 12.02%
LN 3.94%","PRC 5.03%
PdCI 1.67%","FI-PdL 29.43%
LN 3.94%
IdV 4.01%",ITA,56976981,500664525,0.11380271250494531
2002,Italy,12.02,3.94,6.7,0,33.44,0,NA,NA,37.379999999999995,NA,NA,NA,ITA,57089824,502009057,0.1137226972381098
2003,Italy,12.02,3.94,6.7,0,33.44,0,NA,NA,37.379999999999995,NA,NA,NA,ITA,57399184,503955288,0.11389737416546367
2004,Italy,12.02,3.94,6.7,0,33.44,0,NA,NA,37.379999999999995,NA,NA,NA,ITA,57828179,506053494,0.11427285788091011
2005,Italy,12.02,3.94,6.7,0,33.44,0,NA,NA,37.379999999999995,NA,NA,NA,ITA,58166682,508143651,0.11446897326283823
2006,Italy,12.01,4.51,7.94,0,25.91,0,7.94,16.52,30.42,"AN 12.01%
LN 4.51%","PRC 5.69%
PdCI 2.25%","FI-PdL 23.6%
LN 4.51%
IdV 2.31%",ITA,58399861,510153708,0.11447502994528856
2007,Italy,12.01,4.51,7.94,0,25.91,0,NA,NA,30.42,NA,NA,NA,ITA,58756247,512283578,0.11469476970038653
2008,Italy,2.46,8.29,3.16,0,42.709999999999994,0,3.16,10.75,50.99999999999999,"LN 8.29%
MSFT 2.46%",PRC 3.16%,"FI-PdL 38.23%
LN 8.29%
IdV 4.48%",ITA,59211181,514401636,0.11510690646403776
2009,Italy,2.46,8.29,3.16,0,42.709999999999994,0,NA,NA,50.99999999999999,NA,NA,NA,ITA,59555454,516143422,0.11538547516352926
2010,Italy,2.46,8.29,3.16,0,42.709999999999994,0,NA,NA,50.99999999999999,NA,NA,NA,ITA,59819407,517472369,0.11559922922184084
2011,Italy,2.46,8.29,3.16,0,42.709999999999994,0,NA,NA,50.99999999999999,NA,NA,NA,ITA,60026841,517441120,0.11600709468161324
2012,Italy,2.46,8.29,3.16,0,42.709999999999994,0,NA,NA,50.99999999999999,NA,NA,NA,ITA,60191247,518696961,0.11604318422062242
2013,Italy,0,6.069999999999999,5.55,0,47.87,0,5.55,6.069999999999999,53.94,"LN 4.1%
FdI 1.97%","S 3.25%
PRC 2.3%","M5S 25.88%
FI-PdL 21.99%
LN 4.1%
FdI 1.97%",ITA,60311613,519632664,0.11606586186429574
2014,Italy,0,6.069999999999999,5.55,0,47.87,0,NA,NA,53.94,NA,NA,NA,ITA,60320707,520760605,0.11583193202565698
2015,Italy,0,6.069999999999999,5.55,0,47.87,0,NA,NA,53.94,NA,NA,NA,ITA,60229605,522238816,0.11532962153468118
2016,Italy,0,6.069999999999999,5.55,0,47.87,0,NA,NA,53.94,NA,NA,NA,ITA,60115223,523772443,0.11477355061995882
2017,Italy,0,6.069999999999999,5.55,0,47.87,0,NA,NA,53.94,NA,NA,NA,ITA,60002252,524892162,0.11431348445245025
2018,Italy,0,21.740000000000002,4.52,0,47.87,0,4.52,21.740000000000002,69.61,"LN 17.39%
FdI 4.35%","S 3.39%
PRC 1.13%","M5S 33.33%
LN 17.39%
FI-PdL 14%
FdI 4.35%
IdV 0.54%",ITA,60148658,526313953,0.1142828489671449
2019,Italy,0,21.740000000000002,4.52,0,47.87,0,NA,NA,69.61,NA,NA,NA,ITA,59729081,527321280,0.11326886144249669
2020,Italy,0,21.740000000000002,4.52,0,47.87,0,NA,NA,69.61,NA,NA,NA,ITA,59438851,527483574,0.11268379515453879
2021,Italy,0,21.740000000000002,4.52,0,47.87,0,NA,NA,69.61,NA,NA,NA,ITA,59133173,527178594,0.11216914660992476
2022,Italy,0,34.769999999999996,1.43,0,23.54,0,1.43,34.769999999999996,58.309999999999995,"FdI 26%
LN 8.77%",PRC 1.43%,"FdI 26%
LN 8.77%
M5S 15.43%
FI-PdL 8.11%",ITA,59013667,528891778,0.11157985329845684
1993,Latvia,0,5.35,0,0,0,0,0,5.35,5.35,TB 5.35%,none,TB 5.35%,LVA,2563290,493206031,0.0051971992207856844
1994,Latvia,0,5.35,0,0,0,0,NA,NA,5.35,NA,NA,NA,LVA,2520742,494491729,0.005097642391507017
1995,Latvia,0,26.84,12.73,0,0,0,12.73,26.84,26.84,"TKL-ZP 14.9%
TB 11.94%","LVP 7.15%
LSP 5.58%","TKL-ZP 14.9%
TB 11.94%",LVA,2485056,495519000,0.005015056940298959
1996,Latvia,0,26.84,12.73,0,0,0,NA,NA,26.84,NA,NA,NA,LVA,2457222,496414281,0.004949942203616821
1997,Latvia,0,26.84,12.73,0,0,0,NA,NA,26.84,NA,NA,NA,LVA,2432851,497247005,0.004892640831491785
1998,Latvia,14.65,1.73,0,0,0,0,0,16.38,1.73,"NA/TB/LNNK 14.65%
TKL-ZP 1.73%",none,TKL-ZP 1.73%,LVA,2410019,498037471,0.004839031479219763
1999,Latvia,14.65,1.73,0,0,0,0,NA,NA,1.73,NA,NA,NA,LVA,2390482,499004122,0.0047905055181087265
2000,Latvia,14.65,1.73,0,0,0,0,NA,NA,1.73,NA,NA,NA,LVA,2367550,499798011,0.0047370136493000165
2001,Latvia,14.65,1.73,0,0,0,0,NA,NA,1.73,NA,NA,NA,LVA,2337170,500664525,0.004668135814096275
2002,Latvia,5.4,0,0,0,23.9,0,0,5.4,23.9,NA/TB/LNNK 5.4%,none,JL 23.9%,LVA,2310173,502009057,0.004601855221110084
2003,Latvia,5.4,0,0,0,23.9,0,NA,NA,23.9,NA,NA,NA,LVA,2287955,503955288,0.004539996016472001
2004,Latvia,5.4,0,0,0,23.9,0,NA,NA,23.9,NA,NA,NA,LVA,2263122,506053494,0.004472100334910444
2005,Latvia,5.4,0,0,0,23.9,0,NA,NA,23.9,NA,NA,NA,LVA,2238799,508143651,0.004405838773335377
2006,Latvia,6.94,0,0,0,16.38,0,0,6.94,16.38,NA/TB/LNNK 6.94%,none,JL 16.38%,LVA,2218357,510153708,0.004348409048513669
2007,Latvia,6.94,0,0,0,16.38,0,NA,NA,16.38,NA,NA,NA,LVA,2200325,512283578,0.004295130850358822
2008,Latvia,6.94,0,0,0,16.38,0,NA,NA,16.38,NA,NA,NA,LVA,2177322,514401636,0.004232727595757491
2009,Latvia,6.94,0,0,0,16.38,0,NA,NA,16.38,NA,NA,NA,LVA,2141669,516143422,0.004149368002601416
2010,Latvia,7.84,0,0,0,0,0,0,7.84,0,NA/TB/LNNK 7.84%,none,none,LVA,2097555,517472369,0.00405346280431062
2011,Latvia,13.88,0,0,0,20.83,0,0,13.88,20.83,NA/TB/LNNK 13.88%,none,RP 20.83%,LVA,2059709,517441120,0.003980566909719119
2012,Latvia,13.88,0,0,0,20.83,0,NA,NA,20.83,NA,NA,NA,LVA,2034319,518696961,0.0039219797935156975
2013,Latvia,13.88,0,0,0,20.83,0,NA,NA,20.83,NA,NA,NA,LVA,2012647,519632664,0.003873211095906011
2014,Latvia,16.61,0,0,0,0,0,0,16.61,0,NA/TB/LNNK 16.61%,none,none,LVA,1993782,520760605,0.003828596059027929
2015,Latvia,16.61,0,0,0,0,0,NA,NA,0,NA,NA,NA,LVA,1977527,522238816,0.0037866335082990077
2016,Latvia,16.61,0,0,0,0,0,NA,NA,0,NA,NA,NA,LVA,1959537,523772443,0.003741199114593358
2017,Latvia,16.61,0,0,0,0,0,NA,NA,0,NA,NA,NA,LVA,1942248,524892162,0.003700280058668508
2018,Latvia,11.08,0,0,0,14.33,0,0,11.08,14.33,NA/TB/LNNK 11.08%,none,KPV-LV 14.33%,LVA,1927174,526313953,0.003661643376572234
2019,Latvia,11.08,0,0,0,14.33,0,NA,NA,14.33,NA,NA,NA,LVA,1913822,527321280,0.003629328215239104
2020,Latvia,11.08,0,0,0,14.33,0,NA,NA,14.33,NA,NA,NA,LVA,1900449,527483574,0.0036028591100734446
2021,Latvia,11.08,0,0,0,14.33,0,NA,NA,14.33,NA,NA,NA,LVA,1884490,527178594,0.0035746709396929726
2022,Latvia,9.29,0,0,0,0,0,0,9.29,0,NA/TB/LNNK 9.29%,none,none,LVA,1879383,528891778,0.0035534358410842983
1993,Lithuania,5.54,0,0,0,0,0,NA,NA,0,NA,NA,NA,LTU,3682613,493206031,0.007466682823268234
1994,Lithuania,5.54,0,0,0,0,0,NA,NA,0,NA,NA,NA,LTU,3657144,494491729,0.007395763741884548
1995,Lithuania,5.54,0,0,0,0,0,NA,NA,0,NA,NA,NA,LTU,3629102,495519000,0.007323840256377657
1996,Lithuania,4.01,0,0,0,0,0,0,4.01,0,JL 4.01%,none,none,LTU,3601613,496414281,0.0072552566230462655
1997,Lithuania,4.01,0,0,0,0,0,NA,NA,0,NA,NA,NA,LTU,3575137,497247005,0.007189861304443654
1998,Lithuania,4.01,0,0,0,0,0,NA,NA,0,NA,NA,NA,LTU,3549331,498037471,0.007126634453575081
1999,Lithuania,4.01,0,0,0,0,0,NA,NA,0,NA,NA,NA,LTU,3524238,499004122,0.007062542862120887
2000,Lithuania,1.15,0,0,0,0,0,0,1.15,0,JL 1.15%,none,none,LTU,3499536,499798011,0.007001900613806164
2001,Lithuania,1.15,0,0,0,0,0,NA,NA,0,NA,NA,NA,LTU,3470818,500664525,0.006932422463924321
2002,Lithuania,1.15,0,0,0,0,0,NA,NA,0,NA,NA,NA,LTU,3443067,502009057,0.006858575461916417
2003,Lithuania,1.15,0,0,0,0,0,NA,NA,0,NA,NA,NA,LTU,3415213,503955288,0.006776817470362569
2004,Lithuania,0,0,0,0,39.8,0,0,0,39.8,none,none,"DP 28.44%
TT-LDP 11.36%",LTU,3377075,506053494,0.006673355761871293
2005,Lithuania,0,0,0,0,39.8,0,NA,NA,39.8,NA,NA,NA,LTU,3322528,508143651,0.006538560490643619
2006,Lithuania,0,0,0,0,39.8,0,NA,NA,39.8,NA,NA,NA,LTU,3269909,510153708,0.006409654480057214
2007,Lithuania,0,0,0,0,39.8,0,NA,NA,39.8,NA,NA,NA,LTU,3231294,512283578,0.006307627530469072
2008,Lithuania,1.75,0,0,0,27.77,8.99,0,1.75,27.77,JL 1.75%,none,"TPP 15.09%
TT-LDP 12.68%",LTU,3198231,514401636,0.006217381081579609
2009,Lithuania,1.75,0,0,0,27.77,8.99,NA,NA,27.77,NA,NA,NA,LTU,3162916,516143422,0.006127978901182237
2010,Lithuania,1.75,0,0,0,27.77,8.99,NA,NA,27.77,NA,NA,NA,LTU,3097282,517472369,0.005985405570514626
2011,Lithuania,1.75,0,0,0,27.77,8.99,NA,NA,27.77,NA,NA,NA,LTU,3028115,517441120,0.005852095790145167
2012,Lithuania,0,0,0,0,15.3,19.82,0,0,15.3,none,none,"TT-LDP 7.31%
DK 7.99%",LTU,2989139,518696961,0.005762784871993881
2013,Lithuania,0,0,0,0,15.3,19.82,NA,NA,15.3,NA,NA,NA,LTU,2961250,519632664,0.00569873721410246
2014,Lithuania,0,0,0,0,15.3,19.82,NA,NA,15.3,NA,NA,NA,LTU,2937253,520760605,0.005640313364333694
2015,Lithuania,0,0,0,0,15.3,19.82,NA,NA,15.3,NA,NA,NA,LTU,2911109,522238816,0.00557428691780735
2016,Lithuania,2.23,0,0,0,11.870000000000001,4.88,0,2.23,11.870000000000001,LLS 2.23%,none,"TT-LDP 5.55%
LCP 6.32%",LTU,2877325,523772443,0.005493463885804317
2017,Lithuania,2.23,0,0,0,11.870000000000001,4.88,NA,NA,11.870000000000001,NA,NA,NA,LTU,2842639,524892162,0.005415662884293555
2018,Lithuania,2.23,0,0,0,11.870000000000001,4.88,NA,NA,11.870000000000001,NA,NA,NA,LTU,2819200,526313953,0.00535649869043088
2019,Lithuania,2.23,0,0,0,11.870000000000001,4.88,NA,NA,11.870000000000001,NA,NA,NA,LTU,2811089,527321280,0.005330884807076248
2020,Lithuania,2.06,0,0,0,3.54,9.77,0,2.06,3.54,LLS 2.06%,none,"LCP 2.36%
DK 1.18%",LTU,2810369,527483574,0.0053278796507130665
2021,Lithuania,2.06,0,0,0,3.54,9.77,NA,NA,3.54,NA,NA,NA,LTU,2808380,527178594,0.005327188986736438
2022,Lithuania,2.06,0,0,0,3.54,9.77,NA,NA,3.54,NA,NA,NA,LTU,2831639,528891778,0.00535391003941831
1993,Luxembourg,NA,NA,NA,NA,NA,NA,NA,NA,NA,NA,NA,NA,LUX,397475,493206031,8.0590052638671e-4
1994,Luxembourg,2.76,0,1.92,0,8.16,0,1.92,2.76,8.16,NB 2.76%,KPL 1.92%,AR|ADR 8.16%,LUX,402925,494491729,8.148265711437208e-4
1995,Luxembourg,2.76,0,1.92,0,8.16,0,NA,NA,8.16,NA,NA,NA,LUX,408625,495519000,8.246404275113568e-4
1996,Luxembourg,2.76,0,1.92,0,8.16,0,NA,NA,8.16,NA,NA,NA,LUX,414225,496414281,8.344340923584348e-4
1997,Luxembourg,2.76,0,1.92,0,8.16,0,NA,NA,8.16,NA,NA,NA,LUX,419450,497247005,8.43544547844989e-4
1998,Luxembourg,2.76,0,1.92,0,8.16,0,NA,NA,8.16,NA,NA,NA,LUX,424700,498037471,8.527470817552199e-4
1999,Luxembourg,0,0,3.76,0,10.36,0,3.76,0,10.36,none,DL 3.76%,AR|ADR 10.36%,LUX,430475,499004122,8.62668224612381e-4
2000,Luxembourg,0,0,3.76,0,10.36,0,NA,NA,10.36,NA,NA,NA,LUX,436300,499798011,8.729526536671231e-4
2001,Luxembourg,0,0,3.76,0,10.36,0,NA,NA,10.36,NA,NA,NA,LUX,441525,500664525,8.818779401236787e-4
2002,Luxembourg,0,0,3.76,0,10.36,0,NA,NA,10.36,NA,NA,NA,LUX,446175,502009057,8.887787855190031e-4
2003,Luxembourg,0,0,3.76,0,10.36,0,NA,NA,10.36,NA,NA,NA,LUX,451630,503955288,8.961707729912738e-4
2004,Luxembourg,0,0,3.1599999999999997,0,9.04,0,3.1599999999999997,0,9.04,none,"DL 2.01%
KPL 1.15%",AR|ADR 9.04%,LUX,458095,506053494,9.05230386572531e-4
2005,Luxembourg,0,0,3.1599999999999997,0,9.04,0,NA,NA,9.04,NA,NA,NA,LUX,465158,508143651,9.154064979156848e-4
2006,Luxembourg,0,0,3.1599999999999997,0,9.04,0,NA,NA,9.04,NA,NA,NA,LUX,472637,510153708,9.264599915443524e-4
2007,Luxembourg,0,0,3.1599999999999997,0,9.04,0,NA,NA,9.04,NA,NA,NA,LUX,479993,512283578,9.369673762995385e-4
2008,Luxembourg,0,0,3.1599999999999997,0,9.04,0,NA,NA,9.04,NA,NA,NA,LUX,488650,514401636,9.499386584377038e-4
2009,Luxembourg,0,0,4.76,0,8.13,0,4.76,0,8.13,none,"DL 3.29%
KPL 1.47%",AR|ADR 8.13%,LUX,497783,516143422,9.644276741358917e-4
2010,Luxembourg,0,0,4.76,0,8.13,0,NA,NA,8.13,NA,NA,NA,LUX,506953,517472369,9.796716315108218e-4
2011,Luxembourg,0,0,4.76,0,8.13,0,NA,NA,8.13,NA,NA,NA,LUX,518347,517441120,0.001001750691943462
2012,Luxembourg,0,0,4.76,0,8.13,0,NA,NA,8.13,NA,NA,NA,LUX,530946,518696961,0.0010236150197918742
2013,Luxembourg,0,0,6.58,0,6.64,0,6.58,0,6.64,none,"DL 4.94%
KPL 1.64%",AR|ADR 6.64%,LUX,543360,519632664,0.0010456617484692994
2014,Luxembourg,0,0,6.58,0,6.64,0,NA,NA,6.64,NA,NA,NA,LUX,556319,520760605,0.001068281653140794
2015,Luxembourg,0,0,6.58,0,6.64,0,NA,NA,6.64,NA,NA,NA,LUX,569604,522238816,0.0010906964066033729
2016,Luxembourg,0,0,6.58,0,6.64,0,NA,NA,6.64,NA,NA,NA,LUX,582014,523772443,0.0011111962986567433
2017,Luxembourg,0,0,6.58,0,6.64,0,NA,NA,6.64,NA,NA,NA,LUX,596336,524892162,0.0011361114590238443
2018,Luxembourg,0,0,5.79,0,8.02,0,5.79,0,8.02,none,"DL 4.72%
KPL 1.07%",AR|ADR 8.02%,LUX,607950,526313953,0.00115510903052194
2019,Luxembourg,0,0,5.79,0,8.02,0,NA,NA,8.02,NA,NA,NA,LUX,620001,527321280,0.001175755698689042
2020,Luxembourg,0,0,5.79,0,8.02,0,NA,NA,8.02,NA,NA,NA,LUX,630419,527483574,0.0011951443250060334
2021,Luxembourg,0,0,5.79,0,8.02,0,NA,NA,8.02,NA,NA,NA,LUX,640064,527178594,0.0012141312399342225
2022,Luxembourg,0,0,5.79,0,8.02,0,NA,NA,8.02,NA,NA,NA,LUX,653103,528891778,0.0012348518679373382
1993,Netherlands,NA,NA,NA,NA,NA,NA,NA,NA,NA,NA,NA,NA,NLD,15290368,493206031,0.031001989105846922
1994,Netherlands,0,2.46,0,1.32,0,0,1.32,2.46,3.7800000000000002,CD 2.46%,SP 1.32%,"CD 2.46%
SP 1.32%",NLD,15382838,494491729,0.03110838280573142
1995,Netherlands,0,2.46,0,1.32,0,0,NA,NA,3.7800000000000002,NA,NA,NA,NLD,15459006,495519000,0.031197604935431337
1996,Netherlands,0,2.46,0,1.32,0,0,NA,NA,3.7800000000000002,NA,NA,NA,NLD,15530498,496414281,0.03128535699801916
1997,Netherlands,0,2.46,0,1.32,0,0,NA,NA,3.7800000000000002,NA,NA,NA,NLD,15610650,497247005,0.03139415590849059
1998,Netherlands,0,0.61,0,3.53,0,0,3.53,0.61,4.14,CD 0.61%,SP 3.53%,"SP 3.53%
CD 0.61%",NLD,15707209,498037471,0.031538207292840424
1999,Netherlands,0,0.61,0,3.53,0,0,NA,NA,4.14,NA,NA,NA,NLD,15812088,499004122,0.03168728934868398
2000,Netherlands,0,0.61,0,3.53,0,0,NA,NA,4.14,NA,NA,NA,NLD,15925513,499798011,0.03186389831391306
2001,Netherlands,0,0.61,0,3.53,0,0,NA,NA,4.14,NA,NA,NA,NLD,16046180,500664525,0.032049764260809174
2002,Netherlands,0,0,0,5.9,18.61,0,5.9,0,24.509999999999998,none,SP 5.9%,"LPF 17%
SP 5.9%
LN 1.61%",NLD,16148929,502009057,0.032168600894385856
2003,Netherlands,0,0,0,6.32,5.7,0,6.32,0,12.02,none,SP 6.32%,"SP 6.32%
LPF 5.7%",NLD,16225302,503955288,0.03219591576147922
2004,Netherlands,0,0,0,6.32,5.7,0,NA,NA,12.02,NA,NA,NA,NLD,16281779,506053494,0.032174027435921626
2005,Netherlands,0,0,0,6.32,5.7,0,NA,NA,12.02,NA,NA,NA,NLD,16319868,508143651,0.03211664254366527
2006,Netherlands,0,5.89,0,16.58,0,0,16.58,5.89,22.47,PVV 5.89%,SP 16.58%,"SP 16.58%
PVV 5.89%",NLD,16346101,510153708,0.03204152149375341
2007,Netherlands,0,5.89,0,16.58,0,0,NA,NA,22.47,NA,NA,NA,NLD,16381696,512283578,0.03197778867703622
2008,Netherlands,0,5.89,0,16.58,0,0,NA,NA,22.47,NA,NA,NA,NLD,16445593,514401636,0.03197033572420442
2009,Netherlands,0,5.89,0,16.58,0,0,NA,NA,22.47,NA,NA,NA,NLD,16530388,516143422,0.03202673384065718
2010,Netherlands,0,15.45,0,9.82,0,0,9.82,15.45,25.27,PVV 15.45%,SP 9.82%,"PVV 15.45%
SP 9.82%",NLD,16615394,517472369,0.03210875593630005
2011,Netherlands,0,15.45,0,9.82,0,0,NA,NA,25.27,NA,NA,NA,NLD,16693074,517441120,0.032260818390312695
2012,Netherlands,0,10.08,0,9.65,0,0,9.65,10.08,19.73,PVV 10.08%,SP 9.65%,"PVV 10.08%
SP 9.65%",NLD,16754962,518696961,0.032302024611245025
2013,Netherlands,0,10.08,0,9.65,0,0,NA,NA,19.73,NA,NA,NA,NLD,16804432,519632664,0.03233906019426061
2014,Netherlands,0,10.08,0,9.65,0,0,NA,NA,19.73,NA,NA,NA,NLD,16865008,520760605,0.03238533759672547
2015,Netherlands,0,10.08,0,9.65,0,0,NA,NA,19.73,NA,NA,NA,NLD,16939923,522238816,0.03243711972570036
2016,Netherlands,0,10.08,0,9.65,0,0,NA,NA,19.73,NA,NA,NA,NLD,17030314,523772443,0.03251471937403931
2017,Netherlands,0,14.9,0,9.1,0,0,9.1,14.9,24,"PVV 13.1%
FvD 1.8%",SP 9.1%,"PVV 13.1%
SP 9.1%
FvD 1.8%",NLD,17131296,524892162,0.0326377439791147
2018,Netherlands,0,14.9,0,9.1,0,0,NA,NA,24,NA,NA,NA,NLD,17231624,526313953,0.032740199840379305
2019,Netherlands,0,14.9,0,9.1,0,0,NA,NA,24,NA,NA,NA,NLD,17344874,527321280,0.032892421864712154
2020,Netherlands,0,14.9,0,9.1,0,0,NA,NA,24,NA,NA,NA,NLD,17441500,527483574,0.033065484613555
2021,Netherlands,0,19.18,0,5.98,0,0,5.98,19.18,25.16,"PVV 10.79%
FvD 5.02%
JA21 2.37%
BBB 1%",SP 5.98%,"PVV 10.79%
SP 5.98%
FvD 5.02%
JA21 2.37%
BBB 1%",NLD,17533044,527178594,0.033258262379295314
2022,Netherlands,0,19.18,0,5.98,0,0,NA,NA,25.16,NA,NA,NA,NLD,17700982,528891778,0.03346806045451514
1993,Norway,0,6.3,9,0,0,0,9,6.3,6.3,Fr 6.3%,"SV 7.9%
RV 1.1%",Fr 6.3%,NOR,4311991,493206031,0.008742778329894348
1994,Norway,0,6.3,9,0,0,0,NA,NA,6.3,NA,NA,NA,NOR,4336613,494491729,0.008769839303014915
1995,Norway,0,6.3,9,0,0,0,NA,NA,6.3,NA,NA,NA,NOR,4359184,495519000,0.008797208583323748
1996,Norway,0,6.3,9,0,0,0,NA,NA,6.3,NA,NA,NA,NOR,4381336,496414281,0.008825966874228585
1997,Norway,0,15.3,7.7,0,0.4,0,7.7,15.3,15.700000000000001,Fr 15.3%,"SV 6%
RV 1.7%","Fr 15.3%
Kp 0.4%",NOR,4405157,497247005,0.00885909207235949
1998,Norway,0,15.3,7.7,0,0.4,0,NA,NA,15.700000000000001,NA,NA,NA,NOR,4431464,498037471,0.008897852587481315
1999,Norway,0,15.3,7.7,0,0.4,0,NA,NA,15.700000000000001,NA,NA,NA,NOR,4461913,499004122,0.008941635556269012
2000,Norway,0,15.3,7.7,0,0.4,0,NA,NA,15.700000000000001,NA,NA,NA,NOR,4490967,499798011,0.008985563970161538
2001,Norway,0,14.7,13.7,0,1.7,0,13.7,14.7,16.4,Fr 14.7%,"SV 12.5%
RV 1.2%","Fr 14.7%
Kp 1.7%",NOR,4513751,500664525,0.00901551992324601
2002,Norway,0,14.7,13.7,0,1.7,0,NA,NA,16.4,NA,NA,NA,NOR,4538159,502009057,0.009039994272453934
2003,Norway,0,14.7,13.7,0,1.7,0,NA,NA,16.4,NA,NA,NA,NOR,4564855,503955288,0.00905805556305622
2004,Norway,0,14.7,13.7,0,1.7,0,NA,NA,16.4,NA,NA,NA,NOR,4591910,506053494,0.009073961655128894
2005,Norway,0,22.1,10,0,0,0,10,22.1,22.1,Fr 22.1%,"SV 8.8%
RV 1.2%",Fr 22.1%,NOR,4623291,508143651,0.009098393713867342
2006,Norway,0,22.1,10,0,0,0,NA,NA,22.1,NA,NA,NA,NOR,4660677,510153708,0.00913582892158455
2007,Norway,0,22.1,10,0,0,0,NA,NA,22.1,NA,NA,NA,NOR,4709153,512283578,0.009192473079822207
2008,Norway,0,22.1,10,0,0,0,NA,NA,22.1,NA,NA,NA,NOR,4768212,514401636,0.009269433972017927
2009,Norway,0,22.9,7.6,0,0,0,7.6,22.9,22.9,Fr 22.9%,"SV 6.2%
RV 1.4%",Fr 22.9%,NOR,4828726,516143422,0.0093553957953958
2010,Norway,0,22.9,7.6,0,0,0,NA,NA,22.9,NA,NA,NA,NOR,4889252,517472369,0.009448334428847543
2011,Norway,0,22.9,7.6,0,0,0,NA,NA,22.9,NA,NA,NA,NOR,4953088,517441120,0.009572273653087332
2012,Norway,0,22.9,7.6,0,0,0,NA,NA,22.9,NA,NA,NA,NOR,5018573,518696961,0.00967534683512441
2013,Norway,0,16.3,4.1,1.1,0,0,5.199999999999999,16.3,17.400000000000002,Fr 16.3%,"SV 4.1%
RV 1.1%","Fr 16.3%
RV 1.1%",NOR,5079623,519632664,0.00977541127014294
2014,Norway,0,16.3,4.1,1.1,0,0,NA,NA,17.400000000000002,NA,NA,NA,NOR,5137232,520760605,0.009864862953679072
2015,Norway,0,16.3,4.1,1.1,0,0,NA,NA,17.400000000000002,NA,NA,NA,NOR,5188607,522238816,0.009935314727735596
2016,Norway,0,16.3,4.1,1.1,0,0,NA,NA,17.400000000000002,NA,NA,NA,NOR,5234519,523772443,0.009993880109496329
2017,Norway,0,15.2,6,2.4,0,0,8.4,15.2,17.599999999999998,Fr 15.2%,"SV 6%
RV 2.4%","Fr 15.2%
RV 2.4%",NOR,5276968,524892162,0.010053432651562437
2018,Norway,0,15.2,6,2.4,0,0,NA,NA,17.599999999999998,NA,NA,NA,NOR,5311916,526313953,0.010092675616373028
2019,Norway,0,15.2,6,2.4,0,0,NA,NA,17.599999999999998,NA,NA,NA,NOR,5347896,527321280,0.010141627510272295
2020,Norway,0,15.2,6,2.4,0,0,NA,NA,17.599999999999998,NA,NA,NA,NOR,5379475,527483574,0.010198374442651365
2021,Norway,0,11.6,7.6,4.7,0,0,12.3,11.6,16.3,Fr 11.6%,"SV 7.6%
RV 4.7%","Fr 11.6%
RV 4.7%",NOR,5408320,527178594,0.010258990144049742
2022,Norway,0,11.6,7.6,4.7,0,0,NA,NA,16.3,NA,NA,NA,NOR,5457127,528891778,0.010318040905525289
1993,Poland,3.2,9.07,0,0,2.78,0,0,12.27,11.85,"X 2.7%
UPR|KNP 3.2%
ZChN 6.37%",none,"X 2.7%
ZChN 6.37%
SRP 2.78%",POL,38461408,493206031,0.07798243651241969
1994,Poland,3.2,9.07,0,0,2.78,0,NA,NA,11.85,NA,NA,NA,POL,38542652,494491729,0.07794397709733988
1995,Poland,3.2,9.07,0,0,2.78,0,NA,NA,11.85,NA,NA,NA,POL,38594998,495519000,0.07788802851152024
1996,Poland,3.2,9.07,0,0,2.78,0,NA,NA,11.85,NA,NA,NA,POL,38624370,496414281,0.07780672611229732
1997,Poland,2.033,5.56,0,0,0,0,0,7.593,5.56,"ROP 5.56%
UPR|KNP 2.033%",none,ROP 5.56%,POL,38649660,497247005,0.07772728565755765
1998,Poland,2.033,5.56,0,0,0,0,NA,NA,5.56,NA,NA,NA,POL,38663481,498037471,0.07763167081056839
1999,Poland,2.033,5.56,0,0,0,0,NA,NA,5.56,NA,NA,NA,POL,38660271,499004122,0.07747485300331848
2000,Poland,2.033,5.56,0,0,0,0,NA,NA,5.56,NA,NA,NA,POL,38258629,499798011,0.07654818178137968
2001,Poland,0,7.9,0,0,10.2,9.5,0,7.9,18.1,LPR 7.9%,none,"SRP 10.2%
LPR 7.9%",POL,38248076,500664525,0.07639461973064698
2002,Poland,0,7.9,0,0,10.2,9.5,NA,NA,18.1,NA,NA,NA,POL,38230364,502009057,0.07615472961476868
2003,Poland,0,7.9,0,0,10.2,9.5,NA,NA,18.1,NA,NA,NA,POL,38204570,503955288,0.0758094436346107
2004,Poland,0,7.9,0,0,10.2,9.5,NA,NA,18.1,NA,NA,NA,POL,38182222,506053494,0.07545096013110424
2005,Poland,1.57,36.05,0,0,11.4,0,0,37.62,47.449999999999996,"PiS 27%
LPR 8%
UPR|KNP 1.57%
ROP 1.05%",none,"PiS 27%
SRP 11.4%
LPR 8%
ROP 1.05%",POL,38165445,508143651,0.075107589999191
2006,Poland,1.57,36.05,0,0,11.4,0,NA,NA,47.449999999999996,NA,NA,NA,POL,38141267,510153708,0.07476426496933351
2007,Poland,0,33.41,0,0,1.53,0,0,33.41,34.94,"PiS 32.11%
LPR 1.3%",none,"PiS 32.11%
SRP 1.53%
LPR 1.3%",POL,38120560,512283578,0.07441300411937078
2008,Poland,0,33.41,0,0,1.53,0,NA,NA,34.94,NA,NA,NA,POL,38125759,514401636,0.07411671412335866
2009,Poland,0,33.41,0,0,1.53,0,NA,NA,34.94,NA,NA,NA,POL,38151603,516143422,0.07391667000650064
2010,Poland,0,33.41,0,0,1.53,0,NA,NA,34.94,NA,NA,NA,POL,38042794,517472369,0.07351657069828979
2011,Poland,1.06,29.89,0,0,0,0,0,30.95,29.89,"PiS 29.89%
UPR|KNP 1.06%",none,PiS 29.89%,POL,38063255,517441120,0.0735605531311466
2012,Poland,1.06,29.89,0,0,0,0,NA,NA,29.89,NA,NA,NA,POL,38063164,518696961,0.0733822768628097
2013,Poland,1.06,29.89,0,0,0,0,NA,NA,29.89,NA,NA,NA,POL,38040196,519632664,0.07320593687697816
2014,Poland,1.06,29.89,0,0,0,0,NA,NA,29.89,NA,NA,NA,POL,38011735,520760605,0.07299272378716128
2015,Poland,4.76,37.58,3.62,0,8.81,0,3.62,42.339999999999996,46.39,"PiS 37.58%
KORWIN 4.76%",Razem 3.62%,"PiS 37.58%
K 8.81%",POL,37986412,522238816,0.07273762661104072
2016,Poland,4.76,37.58,3.62,0,8.81,0,NA,NA,46.39,NA,NA,NA,POL,37970087,523772443,0.07249347976865594
2017,Poland,4.76,37.58,3.62,0,8.81,0,NA,NA,46.39,NA,NA,NA,POL,37974826,524892162,0.07234786256914996
2018,Poland,4.76,37.58,3.62,0,8.81,0,NA,NA,46.39,NA,NA,NA,POL,37974750,526313953,0.0721522767609393
2019,Poland,6.81,43.59,0,0,0,0,0,50.400000000000006,43.59,"PiS 43.59%
KORWIN 6.81%
RN NA%",none,"PiS 43.59%
K NA%",POL,37965475,527321280,0.07199685739972413
2020,Poland,6.81,43.59,0,0,0,0,NA,NA,43.59,NA,NA,NA,POL,37515748,527483574,0.07112211611730682
2021,Poland,6.81,43.59,0,0,0,0,NA,NA,43.59,NA,NA,NA,POL,36981559,527178594,0.07014996325894067
2022,Poland,6.81,43.59,0,0,0,0,NA,NA,43.59,NA,NA,NA,POL,36821749,528891778,0.06962057368189982
1993,Portugal,0,0,0,0,0,0,NA,NA,0,NA,NA,NA,PRT,9964675,493206031,0.020203879055972047
1994,Portugal,0,0,0,0,0,0,NA,NA,0,NA,NA,NA,PRT,9991525,494491729,0.020205646351670322
1995,Portugal,0,0,0,0,0,0,0,0,0,none,PCP NA%,none,PRT,10026176,495519000,0.02023368629659004
1996,Portugal,0,0,0,0,0,0,NA,NA,0,NA,NA,NA,PRT,10063945,496414281,0.020273278560251573
1997,Portugal,0,0,0,0,0,0,NA,NA,0,NA,NA,NA,PRT,10108977,497247005,0.020329890171988066
1998,Portugal,0,0,0,0,0,0,NA,NA,0,NA,NA,NA,PRT,10160196,498037471,0.020400465008384883
1999,Portugal,0,0,2.49,0,0,0,2.49,0,0,none,"PCP NA%
BE 2.49%",none,PRT,10217828,499004122,0.02047644007237279
2000,Portugal,0,0,2.49,0,0,0,NA,NA,0,NA,NA,NA,PRT,10289898,499798011,0.020588113144771998
2001,Portugal,0,0,2.49,0,0,0,NA,NA,0,NA,NA,NA,PRT,10362722,500664525,0.020697935408944743
2002,Portugal,0,0,2.79,0,0,0,2.79,0,0,none,"PCP NA%
BE 2.79%",none,PRT,10419631,502009057,0.02075586257799329
2003,Portugal,0,0,2.79,0,0,0,NA,NA,0,NA,NA,NA,PRT,10458821,503955288,0.020753470097529765
2004,Portugal,0,0,2.79,0,0,0,NA,NA,0,NA,NA,NA,PRT,10483861,506053494,0.02071690270752285
2005,Portugal,0,0,6.54,0,0,0,6.54,0,0,none,"PCP NA%
BE 6.54%",none,PRT,10503330,508143651,0.020670001444138875
2006,Portugal,0,0,6.54,0,0,0,NA,NA,0,NA,NA,NA,PRT,10522288,510153708,0.02062572090527665
2007,Portugal,0,0,6.54,0,0,0,NA,NA,0,NA,NA,NA,PRT,10542964,512283578,0.020580327874574186
2008,Portugal,0,0,6.54,0,0,0,NA,NA,0,NA,NA,NA,PRT,10558177,514401636,0.02052516217114053
2009,Portugal,0,0,10.12,0,0,0,10.12,0,0,none,BE 10.12%,none,PRT,10568247,516143422,0.020475407705573743
2010,Portugal,0,0,10.12,0,0,0,NA,NA,0,NA,NA,NA,PRT,10573100,517472369,0.020432202052511908
2011,Portugal,0,0,5.39,0,0,0,5.39,0,0,none,BE 5.39%,none,PRT,10557560,517441120,0.020403403579522247
2012,Portugal,0,0,5.39,0,0,0,NA,NA,0,NA,NA,NA,PRT,10514844,518696961,0.020271651446980427
2013,Portugal,0,0,5.39,0,0,0,NA,NA,0,NA,NA,NA,PRT,10457295,519632664,0.02012439887728074
2014,Portugal,0,0,5.39,0,0,0,NA,NA,0,NA,NA,NA,PRT,10401062,520760605,0.019972828013747314
2015,Portugal,0,0,10.58,0,0,0,10.58,0,0,none,BE 10.58%,none,PRT,10358076,522238816,0.019833983385869197
2016,Portugal,0,0,10.58,0,0,0,NA,NA,0,NA,NA,NA,PRT,10325452,523772443,0.019713622085306998
2017,Portugal,0,0,10.58,0,0,0,NA,NA,0,NA,NA,NA,PRT,10300300,524892162,0.019623649857434908
2018,Portugal,0,0,10.58,0,0,0,NA,NA,0,NA,NA,NA,PRT,10283822,526313953,0.019539329978584093
2019,Portugal,0,1.35,10.01,0,0,0,10.01,1.35,1.35,CH 1.35%,BE 10.01%,CH 1.35%,PRT,10286263,527321280,0.019506633602952645
2020,Portugal,0,1.35,10.01,0,0,0,NA,NA,1.35,NA,NA,NA,PRT,10297081,527483574,0.019521140576786947
2021,Portugal,0,1.35,10.01,0,0,0,NA,NA,1.35,NA,NA,NA,PRT,10361831,527178594,0.019655257474282047
2022,Portugal,0,7.38,8.93,0,0,0,8.93,7.38,7.38,CH 7.38%,"PCP 4.41%
BE 4.52%",CH 7.38%,PRT,10434332,528891778,0.01972867122165775
1993,Romania,0,11.6,3.04,0,0,0,NA,NA,11.6,NA,NA,NA,ROU,22763280,493206031,0.0461536935261037
1994,Romania,0,11.6,3.04,0,0,0,NA,NA,11.6,NA,NA,NA,ROU,22730211,494491729,0.04596681737420931
1995,Romania,0,11.6,3.04,0,0,0,NA,NA,11.6,NA,NA,NA,ROU,22684270,495519000,0.04577880969246386
1996,Romania,0,8.82,2.15,0,0,0,2.15,8.82,8.82,"PRM 4.46%
PUNR 4.36%",PSM 2.15%,"PRM 4.46%
PUNR 4.36%",ROU,22619004,496414281,0.04556477294415307
1997,Romania,0,8.82,2.15,0,0,0,NA,NA,8.82,NA,NA,NA,ROU,22553978,497247005,0.04535769501517661
1998,Romania,0,8.82,2.15,0,0,0,NA,NA,8.82,NA,NA,NA,ROU,22507344,498037471,0.0451920694939036
1999,Romania,0,8.82,2.15,0,0,0,NA,NA,8.82,NA,NA,NA,ROU,22472040,499004122,0.045033776294136504
2000,Romania,0,20.86,0,0,0,0,0,20.86,20.86,"PRM 19.48%
PUNR 1.38%",none,"PRM 19.48%
PUNR 1.38%",ROU,22442971,499798011,0.04490408226134377
2001,Romania,0,20.86,0,0,0,0,NA,NA,20.86,NA,NA,NA,ROU,22131970,500664525,0.04420518909343537
2002,Romania,0,20.86,0,0,0,0,NA,NA,20.86,NA,NA,NA,ROU,21730496,502009057,0.043287059659563074
2003,Romania,0,20.86,0,0,0,0,NA,NA,20.86,NA,NA,NA,ROU,21574326,503955288,0.04281000023954506
2004,Romania,0,13,0,0,0,0,0,13,13,PRM 13%,none,PRM 13%,ROU,21451748,506053494,0.042390277419959876
2005,Romania,0,13,0,0,0,0,NA,NA,13,NA,NA,NA,ROU,21319685,508143651,0.04195601963744697
2006,Romania,0,13,0,0,0,0,NA,NA,13,NA,NA,NA,ROU,21193760,510153708,0.04154387132279748
2007,Romania,0,13,0,0,0,0,NA,NA,13,NA,NA,NA,ROU,20882982,512283578,0.040764496261092326
2008,Romania,0,3.15,0,0,0,0,0,3.15,3.15,PRM 3.15%,none,PRM 3.15%,ROU,20537875,514401636,0.03992575754560781
2009,Romania,0,3.15,0,0,0,0,NA,NA,3.15,NA,NA,NA,ROU,20367487,516143422,0.03946090588751124
2010,Romania,0,3.15,0,0,0,0,NA,NA,3.15,NA,NA,NA,ROU,20246871,517472369,0.03912647749507182
2011,Romania,0,3.15,0,0,0,0,NA,NA,3.15,NA,NA,NA,ROU,20147528,517441120,0.03893685140446511
2012,Romania,0,1.25,0,0,13.99,0,0,1.25,15.24,PRM 1.25%,none,"PP-DD 13.99%
PRM 1.25%",ROU,20058035,518696961,0.038670045340790035
2013,Romania,0,1.25,0,0,13.99,0,NA,NA,15.24,NA,NA,NA,ROU,19983693,519632664,0.03845734570681261
2014,Romania,0,1.25,0,0,13.99,0,NA,NA,15.24,NA,NA,NA,ROU,19908979,520760605,0.038230578136762096
2015,Romania,0,1.25,0,0,13.99,0,NA,NA,15.24,NA,NA,NA,ROU,19815616,522238816,0.037943590926033346
2016,Romania,2.79,1.04,0,0,5.35,0,0,3.83,6.39,"PRU 2.79%
PRM 1.04%",none,"PMP 5.35%
PRM 1.04%",ROU,19702267,523772443,0.03761608168454177
2017,Romania,2.79,1.04,0,0,5.35,0,NA,NA,6.39,NA,NA,NA,ROU,19588715,524892162,0.03731950373455948
2018,Romania,2.79,1.04,0,0,5.35,0,NA,NA,6.39,NA,NA,NA,ROU,19473970,526313953,0.037000672106445184
2019,Romania,2.79,1.04,0,0,5.35,0,NA,NA,6.39,NA,NA,NA,ROU,19371648,527321280,0.03673594966620729
2020,Romania,0,9.08,0,0,4.82,0,0,9.08,13.9,AUR 9.08%,none,"AUR 9.08%
PMP 4.82%",ROU,19265250,527483574,0.03652293824793111
2021,Romania,0,9.08,0,0,4.82,0,NA,NA,13.9,NA,NA,NA,ROU,19122059,527178594,0.03627244963591978
2022,Romania,0,9.08,0,0,4.82,0,NA,NA,13.9,NA,NA,NA,ROU,19048502,528891778,0.036015878469564715
1993,Slovakia,0,7.93,0,0,37.26,0,NA,NA,45.19,NA,NA,NA,SVK,5325305,493206031,0.010797323360386888
1994,Slovakia,0,5.4,2.72,7.35,34.97,0,10.07,5.4,47.72,SNS 5.4%,"ZRS 7.35%
KSS 2.72%","HZDS 34.97%
ZRS 7.35%
SNS 5.4%",SVK,5346331,494491729,0.010811770321844959
1995,Slovakia,0,5.4,2.72,7.35,34.97,0,NA,NA,47.72,NA,NA,NA,SVK,5361999,495519000,0.010820975583176427
1996,Slovakia,0,5.4,2.72,7.35,34.97,0,NA,NA,47.72,NA,NA,NA,SVK,5373361,496414281,0.010824348141587812
1997,Slovakia,0,5.4,2.72,7.35,34.97,0,NA,NA,47.72,NA,NA,NA,SVK,5383291,497247005,0.010826190898827033
1998,Slovakia,0,9.07,2.79,1.3,35.01,0,4.09,9.07,45.379999999999995,SNS 9.07%,"KSS 2.79%
ZRS 1.3%","HZDS 27%
SNS 9.07%
SOP 8.01%
ZRS 1.3%",SVK,5390516,498037471,0.010823514923839938
1999,Slovakia,0,9.07,2.79,1.3,35.01,0,NA,NA,45.379999999999995,NA,NA,NA,SVK,5396020,499004122,0.010813578008880656
2000,Slovakia,0,9.07,2.79,1.3,35.01,0,NA,NA,45.379999999999995,NA,NA,NA,SVK,5388720,499798011,0.01078179560822622
2001,Slovakia,0,9.07,2.79,1.3,35.01,0,NA,NA,45.379999999999995,NA,NA,NA,SVK,5378867,500664525,0.01074345541058656
2002,Slovakia,0,6.97,6.32,0,40.97,0,6.32,6.97,47.94,"SNS 3.32%
PSNS 3.65%",KSS 6.32%,"HZDS 19.5%
Smer 13.46%
ANO 8.01%
SNS 3.32%
PSNS 3.65%",SVK,5376912,502009057,0.010710786837457397
2003,Slovakia,0,6.97,6.32,0,40.97,0,NA,NA,47.94,NA,NA,NA,SVK,5373374,503955288,0.010662402256606543
2004,Slovakia,0,6.97,6.32,0,40.97,0,NA,NA,47.94,NA,NA,NA,SVK,5372280,506053494,0.010616031830026254
2005,Slovakia,0,6.97,6.32,0,40.97,0,NA,NA,47.94,NA,NA,NA,SVK,5372807,508143651,0.010573401811528292
2006,Slovakia,0,11.73,3.88,0,39.35,0,3.88,11.73,51.08,SNS 11.73%,KSS 3.88%,"Smer 29.14%
SNS 11.73%
HZDS 8.79%
ANO 1.42%",SVK,5373054,510153708,0.010532225711079219
2007,Slovakia,0,11.73,3.88,0,39.35,0,NA,NA,51.08,NA,NA,NA,SVK,5374622,512283578,0.01049149773838739
2008,Slovakia,0,11.73,3.88,0,39.35,0,NA,NA,51.08,NA,NA,NA,SVK,5379233,514401636,0.010457262620370049
2009,Slovakia,0,11.73,3.88,0,39.35,0,NA,NA,51.08,NA,NA,NA,SVK,5386406,516143422,0.01043587067162119
2010,Slovakia,1.33,5.07,0,0,39.11,0,0,6.4,44.18,"SNS 5.07%
LsNS 1.33%",none,"Smer 34.79%
SNS 5.07%
OLaNO NA%
HZDS 4.32%",SVK,5391428,517472369,0.010418774649589069
2011,Slovakia,1.33,5.07,0,0,39.11,0,NA,NA,44.18,NA,NA,NA,SVK,5398384,517441120,0.01043284692952118
2012,Slovakia,1.58,4.55,0,0,54.17999999999999,0,0,6.13,58.72999999999999,"SNS 4.55%
LsNS 1.58%",none,"Smer 44.41%
OLaNO 8.55%
SNS 4.55%
ANO 1.22%",SVK,5407579,518696961,0.010425314599057387
2013,Slovakia,1.58,4.55,0,0,54.17999999999999,0,NA,NA,58.72999999999999,NA,NA,NA,SVK,5413393,519632664,0.010417730398872694
2014,Slovakia,1.58,4.55,0,0,54.17999999999999,0,NA,NA,58.72999999999999,NA,NA,NA,SVK,5418649,520760605,0.010405259053725848
2015,Slovakia,1.58,4.55,0,0,54.17999999999999,0,NA,NA,58.72999999999999,NA,NA,NA,SVK,5423801,522238816,0.0103856719068542
2016,Slovakia,8.04,15.27,0,0,39.31,0,0,23.31,54.58,"SNS 8.64%
LsNS 8.04%
SR 6.63%",none,"Smer 28.28%
OLaNO 11.03%
SNS 8.64%
SR 6.63%",SVK,5430798,523772443,0.01036862109219442
2017,Slovakia,8.04,15.27,0,0,39.31,0,NA,NA,54.58,NA,NA,NA,SVK,5439232,524892162,0.010362570435944136
2018,Slovakia,8.04,15.27,0,0,39.31,0,NA,NA,54.58,NA,NA,NA,SVK,5446771,526313953,0.010348901010420295
2019,Slovakia,8.04,15.27,0,0,39.31,0,NA,NA,54.58,NA,NA,NA,SVK,5454147,527321280,0.010343119473577854
2020,Slovakia,7.97,14.33,0,0,43.31,0,0,22.3,57.64,"SR 8.24%
LsNS 7.97%
SNS 3.16%
V 2.93%",none,"OLaNO 25.02%
Smer 18.29%
SR 8.24%
SNS 3.16%
V 2.93%",SVK,5458827,527483574,0.01034880945885151
2021,Slovakia,7.97,14.33,0,0,43.31,0,NA,NA,57.64,NA,NA,NA,SVK,5447247,527178594,0.010332830395613522
2022,Slovakia,7.97,14.33,0,0,43.31,0,NA,NA,57.64,NA,NA,NA,SVK,5431752,528891778,0.01027006322643193
1993,Slovenia,0,24.53,2.75,13.58,0,3.34,NA,NA,38.11,NA,NA,NA,SVN,1991746,493206031,0.0040383650539747755
1994,Slovenia,0,24.53,2.75,13.58,0,3.34,NA,NA,38.11,NA,NA,NA,SVN,1989443,494491729,0.004023207838123416
1995,Slovenia,0,24.53,2.75,13.58,0,3.34,NA,NA,38.11,NA,NA,NA,SVN,1989872,495519000,0.0040157329991382775
1996,Slovenia,0,12.84,0,9.03,0,16.13,9.03,12.84,21.869999999999997,"NSI 9.62%
SNS 3.22%",ZL-SD 9.03%,"NSI 9.62%
ZL-SD 9.03%
SNS 3.22%",SVN,1988628,496414281,0.004005984670694839
1997,Slovenia,0,12.84,0,9.03,0,16.13,NA,NA,21.869999999999997,NA,NA,NA,SVN,1985956,497247005,0.003993902386601605
1998,Slovenia,0,12.84,0,9.03,0,16.13,NA,NA,21.869999999999997,NA,NA,NA,SVN,1981629,498037471,0.003978875316391605
1999,Slovenia,0,12.84,0,9.03,0,16.13,NA,NA,21.869999999999997,NA,NA,NA,SVN,1983045,499004122,0.003974005248798326
2000,Slovenia,0,13.05,0,12.08,15.81,0,12.08,13.05,40.940000000000005,"NSI 8.66%
SNS 4.39%",ZL-SD 12.08%,"SDS 15.81%
ZL-SD 12.08%
NSI 8.66%
SNS 4.39%",SVN,1988925,499798011,0.003979457613327717
2001,Slovenia,0,13.05,0,12.08,15.81,0,NA,NA,40.940000000000005,NA,NA,NA,SVN,1992060,500664525,0.0039788319334188894
2002,Slovenia,0,13.05,0,12.08,15.81,0,NA,NA,40.940000000000005,NA,NA,NA,SVN,1994530,502009057,0.0039730956487504165
2003,Slovenia,0,13.05,0,12.08,15.81,0,NA,NA,40.940000000000005,NA,NA,NA,SVN,1995733,503955288,0.0039601390193171266
2004,Slovenia,0,15.36,0,10.17,31.7,0,10.17,15.36,57.230000000000004,"NSI 9.09%
SNS 6.27%",ZL-SD 10.17%,"SDS 29.08%
ZL-SD 10.17%
NSI 9.09%
SNS 6.27%
SO 2.62%",SVN,1997012,506053494,0.003946246836900607
2005,Slovenia,0,15.36,0,10.17,31.7,0,NA,NA,57.230000000000004,NA,NA,NA,SVN,2000474,508143651,0.003936827698354928
2006,Slovenia,0,15.36,0,10.17,31.7,0,NA,NA,57.230000000000004,NA,NA,NA,SVN,2006868,510153708,0.0039338496781052504
2007,Slovenia,0,15.36,0,10.17,31.7,0,NA,NA,57.230000000000004,NA,NA,NA,SVN,2018122,512283578,0.003939462607563813
2008,Slovenia,0,8.8,0,30.45,29.26,0,30.45,8.8,68.51,"SNS 5.4%
NSI 3.4%",ZL-SD 30.45%,"ZL-SD 30.45%
SDS 29.26%
SNS 5.4%
NSI 3.4%",SVN,2021316,514401636,0.003929450955323167
2009,Slovenia,0,8.8,0,30.45,29.26,0,NA,NA,68.51,NA,NA,NA,SVN,2039669,516143422,0.00395174851225751
2010,Slovenia,0,8.8,0,30.45,29.26,0,NA,NA,68.51,NA,NA,NA,SVN,2048583,517472369,0.0039588258672802685
2011,Slovenia,0,6.68,0,10.52,26.19,0,10.52,6.68,43.39,"NSI 4.88%
SNS 1.8%",ZL-SD 10.52%,"SDS 26.19%
ZL-SD 10.52%
NSI 4.88%
SNS 1.8%",SVN,2052843,517441120,0.003967297767135321
2012,Slovenia,0,6.68,0,10.52,26.19,0,NA,NA,43.39,NA,NA,NA,SVN,2057159,518696961,0.003966013211324753
2013,Slovenia,0,6.68,0,10.52,26.19,0,NA,NA,43.39,NA,NA,NA,SVN,2059953,519632664,0.0039642484830399345
2014,Slovenia,0,7.79,0,5.98,20.71,0,5.98,7.79,34.480000000000004,"NSI 5.59%
SNS 2.2%",ZL-SD 5.98%,"SDS 20.71%
ZL-SD 5.98%
NSI 5.59%
SNS 2.2%",SVN,2061980,520760605,0.003959554505855911
2015,Slovenia,0,7.79,0,5.98,20.71,0,NA,NA,34.480000000000004,NA,NA,NA,SVN,2063531,522238816,0.003951316786073596
2016,Slovenia,0,7.79,0,5.98,20.71,0,NA,NA,34.480000000000004,NA,NA,NA,SVN,2065042,523772443,0.003942632010519882
2017,Slovenia,0,7.79,0,5.98,20.71,0,NA,NA,34.480000000000004,NA,NA,NA,SVN,2066388,524892162,0.003936785781152511
2018,Slovenia,0,36.25,0,19.259999999999998,12.6,0,19.259999999999998,36.25,68.11,"SDS 24.92%
NSI 7.16%
SNS 4.17%","ZL-SD 9.93%
L 9.33%","SDS 24.92%
LMS 12.6%
ZL-SD 9.93%
L 9.33%
NSI 7.16%
SNS 4.17%",SVN,2073894,526313953,0.003940412349280811
2019,Slovenia,0,36.25,0,19.259999999999998,12.6,0,NA,NA,68.11,NA,NA,NA,SVN,2088385,527321280,0.003960365491034233
2020,Slovenia,0,36.25,0,19.259999999999998,12.6,0,NA,NA,68.11,NA,NA,NA,SVN,2102419,527483574,0.00398575254970878
2021,Slovenia,0,36.25,0,19.259999999999998,12.6,0,NA,NA,68.11,NA,NA,NA,SVN,2108079,527178594,0.003998794761382136
2022,Slovenia,0,31.83,0,11.15,0,3.72,11.15,31.83,42.98,"SDS 23.48%
NSI 6.86%
SNS 1.49%","ZL-SD 6.69%
L 4.46%","SDS 23.48%
NSI 6.86%
ZL-SD 6.69%
L 4.46%
SNS 1.49%",SVN,2112076,528891778,0.003993399194040789
1993,Spain,0,0,10.510000000000002,0,0,0,10.510000000000002,0,0,none,"PCE|IU 9.63%
HB 0.88%",none,ESP,39361262,493206031,0.07980693569418254
1994,Spain,0,0,10.510000000000002,0,0,0,NA,NA,0,NA,NA,NA,ESP,39549108,494491729,0.07997931144365004
1995,Spain,0,0,10.510000000000002,0,0,0,NA,NA,0,NA,NA,NA,ESP,39724050,495519000,0.08016655264480273
1996,Spain,0,0,12.260000000000002,0,0,0,12.260000000000002,0,0,none,"PCE|IU 10.64%
BNG 0.89%
HB 0.73%",none,ESP,39889852,496414281,0.08035597187019686
1997,Spain,0,0,12.260000000000002,0,0,0,NA,NA,0,NA,NA,NA,ESP,40057389,497247005,0.08055833136692296
1998,Spain,0,0,12.260000000000002,0,0,0,NA,NA,0,NA,NA,NA,ESP,40223509,498037471,0.08076402146857742
1999,Spain,0,0,12.260000000000002,0,0,0,NA,NA,0,NA,NA,NA,ESP,40386875,499004122,0.08093495267760534
2000,Spain,0,0,6.88,0,0,0,6.88,0,0,none,"PCE|IU 5.54%
BNG 1.34%",none,ESP,40567864,499798011,0.08116851829568406
2001,Spain,0,0,6.88,0,0,0,NA,NA,0,NA,NA,NA,ESP,40850412,500664525,0.0815923836425199
2002,Spain,0,0,6.88,0,0,0,NA,NA,0,NA,NA,NA,ESP,41431558,502009057,0.08253149504432149
2003,Spain,0,0,6.88,0,0,0,NA,NA,0,NA,NA,NA,ESP,42187645,503955288,0.08371307138660285
2004,Spain,0,0,5.86,0,0,0,5.86,0,0,none,"PCE|IU 5.04%
BNG 0.82%",none,ESP,42921895,506053494,0.08481691265627345
2005,Spain,0,0,5.86,0,0,0,NA,NA,0,NA,NA,NA,ESP,43653155,508143651,0.08590711487606484
2006,Spain,0,0,5.86,0,0,0,NA,NA,0,NA,NA,NA,ESP,44397319,510153708,0.08702733765094971
2007,Spain,0,0,5.86,0,0,0,NA,NA,0,NA,NA,NA,ESP,45226803,512283578,0.08828470195466621
2008,Spain,0,0,4.65,0,0,0,4.65,0,0,none,"BNG 0.84%
PCE|IU 3.81%",none,ESP,45954106,514401636,0.08933506968861973
2009,Spain,0,0,4.65,0,0,0,NA,NA,0,NA,NA,NA,ESP,46362946,516143422,0.08982570352315757
2010,Spain,0,0,4.65,0,0,0,NA,NA,0,NA,NA,NA,ESP,46576897,517472369,0.0900084715441106
2011,Spain,0,0,7.789999999999999,0,0,0,7.789999999999999,0,0,none,"PCE|IU 7.02%
BNG 0.77%",none,ESP,46742697,517441120,0.09033433021326175
2012,Spain,0,0,7.789999999999999,0,0,0,NA,NA,0,NA,NA,NA,ESP,46773055,518696961,0.09017414505345443
2013,Spain,0,0,7.789999999999999,0,0,0,NA,NA,0,NA,NA,NA,ESP,46604197,519632664,0.0896868119129632
2014,Spain,0,0,7.789999999999999,0,0,0,NA,NA,0,NA,NA,NA,ESP,46460733,520760605,0.08921706548827747
2015,Spain,0,0,4.54,12.67,0,0,17.21,0,12.67,none,"P 12.67%
PCE|IU 3.67%
EHB 0.87%",P 12.67%,ESP,46422303,522238816,0.08889094716391208
2016,Spain,0,0,0.77,13.37,0,0,14.139999999999999,0,13.37,none,"P 13.37%
EHB 0.77%",P 13.37%,ESP,46458139,523772443,0.08869908988319952
2017,Spain,0,0,0.77,13.37,0,0,NA,NA,13.37,NA,NA,NA,ESP,46571232,524892162,0.08872533326188246
2018,Spain,0,0,0.77,13.37,0,0,NA,NA,13.37,NA,NA,NA,ESP,46782011,526313953,0.08888613105037707
2019,Spain,0,15.08,2.66,9.82,0,0,12.48,15.08,24.9,Vox 15.08%,"P 9.82%
EHB 1.14%
CUP 1.02%
BNG 0.5%","Vox 15.08%
P 9.82%",ESP,47118501,527321280,0.08935444630643391
2020,Spain,0,15.08,2.66,9.82,0,0,NA,NA,24.9,NA,NA,NA,ESP,47359424,527483574,0.08978369438287001
2021,Spain,0,15.08,2.66,9.82,0,0,NA,NA,24.9,NA,NA,NA,ESP,47443821,527178594,0.08999572733030962
2022,Spain,0,15.08,2.66,9.82,0,0,NA,NA,24.9,NA,NA,NA,ESP,47786102,528891778,0.09035137997550796
1993,Sweden,0,0,4.5,0,6.7,0,NA,NA,6.7,NA,NA,NA,SWE,8718561,493206031,0.017677320332686687
1994,Sweden,0,0,6.2,0,1.2,0,6.2,0,1.2,none,V 6.2%,NyD 1.2%,SWE,8780745,494491729,0.017757111969814162
1995,Sweden,0,0,6.2,0,1.2,0,NA,NA,1.2,NA,NA,NA,SWE,8826939,495519000,0.01781352279125523
1996,Sweden,0,0,6.2,0,1.2,0,NA,NA,1.2,NA,NA,NA,SWE,8840998,496414281,0.017809717283294675
1997,Sweden,0,0,6.2,0,1.2,0,NA,NA,1.2,NA,NA,NA,SWE,8846062,497247005,0.017790075980447583
1998,Sweden,0,0,11.99,0,0,0,11.99,0,0,none,V 11.99%,none,SWE,8850974,498037471,0.01777170296489599
1999,Sweden,0,0,11.99,0,0,0,NA,NA,0,NA,NA,NA,SWE,8857874,499004122,0.017751103867634985
2000,Sweden,0,0,11.99,0,0,0,NA,NA,0,NA,NA,NA,SWE,8872109,499798011,0.0177513891706944
2001,Sweden,0,0,11.99,0,0,0,NA,NA,0,NA,NA,NA,SWE,8895960,500664525,0.017768305034194305
2002,Sweden,0,1.44,8.4,0,0,0,8.4,1.44,1.44,SD 1.44%,V 8.4%,SD 1.44%,SWE,8924958,502009057,0.017778480040450743
2003,Sweden,0,1.44,8.4,0,0,0,NA,NA,1.44,NA,NA,NA,SWE,8958229,503955288,0.017775840859913745
2004,Sweden,0,1.44,8.4,0,0,0,NA,NA,1.44,NA,NA,NA,SWE,8993531,506053494,0.01777189784604076
2005,Sweden,0,1.44,8.4,0,0,0,NA,NA,1.44,NA,NA,NA,SWE,9029572,508143651,0.017769723152557898
2006,Sweden,0,2.9,5.8,0,0,0,5.8,2.9,2.9,SD 2.9%,V 5.8%,SD 2.9%,SWE,9080505,510153708,0.017799547190589075
2007,Sweden,0,2.9,5.8,0,0,0,NA,NA,2.9,NA,NA,NA,SWE,9148092,512283578,0.017857476586922723
2008,Sweden,0,2.9,5.8,0,0,0,NA,NA,2.9,NA,NA,NA,SWE,9219637,514401636,0.017923032033280703
2009,Sweden,0,2.9,5.8,0,0,0,NA,NA,2.9,NA,NA,NA,SWE,9298515,516143422,0.018015370541717375
2010,Sweden,0,5.7,5.6,0,0,0,5.6,5.7,5.7,SD 5.7%,V 5.6%,SD 5.7%,SWE,9378126,517472369,0.018122950251668414
2011,Sweden,0,5.7,5.6,0,0,0,NA,NA,5.7,NA,NA,NA,SWE,9449213,517441120,0.01826142653680094
2012,Sweden,0,5.7,5.6,0,0,0,NA,NA,5.7,NA,NA,NA,SWE,9519374,518696961,0.018352476909923518
2013,Sweden,0,5.7,5.6,0,0,0,NA,NA,5.7,NA,NA,NA,SWE,9600379,519632664,0.01847531855695661
2014,Sweden,0,12.86,5.72,0,0,0,5.72,12.86,12.86,SD 12.86%,V 5.72%,SD 12.86%,SWE,9696110,520760605,0.018619131145682574
2015,Sweden,0,12.86,5.72,0,0,0,NA,NA,12.86,NA,NA,NA,SWE,9799186,522238816,0.018763802497591447
2016,Sweden,0,12.86,5.72,0,0,0,NA,NA,12.86,NA,NA,NA,SWE,9923085,523772443,0.018945412521444927
2017,Sweden,0,12.86,5.72,0,0,0,NA,NA,12.86,NA,NA,NA,SWE,10057698,524892162,0.01916145587253025
2018,Sweden,0,17.53,8,0,0,0,8,17.53,17.53,SD 17.53%,V 8%,SD 17.53%,SWE,10175214,526313953,0.019332974058546382
2019,Sweden,0,17.53,8,0,0,0,NA,NA,17.53,NA,NA,NA,SWE,10278887,527321280,0.019492645925459334
2020,Sweden,0,17.53,8,0,0,0,NA,NA,17.53,NA,NA,NA,SWE,10353442,527483574,0.01962798940161879
2021,Sweden,0,17.53,8,0,0,0,NA,NA,17.53,NA,NA,NA,SWE,10415811,527178594,0.01975765161663601
2022,Sweden,0,20.54,6.75,0,0,0,6.75,20.54,20.54,SD 20.54%,V 6.75%,SD 20.54%,SWE,10486941,528891778,0.019828141476610363
1993,Switzerland,1,16.7,0.8,0,0,0,NA,NA,16.7,NA,NA,NA,CHE,6938265,493206031,0.01406768077416312
1994,Switzerland,1,16.7,0.8,0,0,0,NA,NA,16.7,NA,NA,NA,CHE,6993795,494491729,0.014143401375273559
1995,Switzerland,1.3,18.9,1.5,0,0,0,1.5,20.2,18.9,"SVP-UDC 14.9%
NA|SD 3.1%
LdT 0.9%
EDU-UDF 1.3%","PdA 1.2%
S 0.3%","SVP-UDC 14.9%
NA|SD 3.1%
LdT 0.9%",CHE,7040687,495519000,0.014208712481257026
1996,Switzerland,1.3,18.9,1.5,0,0,0,NA,NA,18.9,NA,NA,NA,CHE,7071850,496414281,0.014245863325595985
1997,Switzerland,1.3,18.9,1.5,0,0,0,NA,NA,18.9,NA,NA,NA,CHE,7088906,497247005,0.01425630708424277
1998,Switzerland,1.3,18.9,1.5,0,0,0,NA,NA,18.9,NA,NA,NA,CHE,7110001,498037471,0.014276036270371311
1999,Switzerland,1.3,25.2,1.5,0,0,0,1.5,26.5,25.2,"SVP-UDC 22.5%
LdT 0.9%
NA|SD 1.8%
EDU-UDF 1.3%","PdA 1%
S 0.5%","SVP-UDC 22.5%
LdT 0.9%
NA|SD 1.8%",CHE,7143991,499004122,0.014316496968736462
2000,Switzerland,1.3,25.2,1.5,0,0,0,NA,NA,25.2,NA,NA,NA,CHE,7184250,499798011,0.014374306903754365
2001,Switzerland,1.3,25.2,1.5,0,0,0,NA,NA,25.2,NA,NA,NA,CHE,7229854,500664525,0.014440515832432905
2002,Switzerland,1.3,25.2,1.5,0,0,0,NA,NA,25.2,NA,NA,NA,CHE,7284753,502009057,0.014511198350750074
2003,Switzerland,1.3,28.099999999999998,1.2,0,0,0,1.2,29.4,28.099999999999998,"SVP-UDC 26.7%
EDU-UDF 1.3%
NA|SD 1%
LdT 0.4%","PdA 0.7%
S 0.5%","SVP-UDC 26.7%
NA|SD 1%
LdT 0.4%",CHE,7339001,503955288,0.014562801849198972
2004,Switzerland,1.3,28.099999999999998,1.2,0,0,0,NA,NA,28.099999999999998,NA,NA,NA,CHE,7389625,506053494,0.014602458213636996
2005,Switzerland,1.3,28.099999999999998,1.2,0,0,0,NA,NA,28.099999999999998,NA,NA,NA,CHE,7437115,508143651,0.014635851467127748
2006,Switzerland,1.3,28.099999999999998,1.2,0,0,0,NA,NA,28.099999999999998,NA,NA,NA,CHE,7483934,510153708,0.014669959039090234
2007,Switzerland,1.3,30,0.7,0,0,0,0.7,31.3,30,"SVP-UDC 28.9%
LdT 0.6%
EDU-UDF 1.3%
NA|SD 0.5%",PdA 0.7%,"SVP-UDC 28.9%
LdT 0.6%
NA|SD 0.5%",CHE,7551117,512283578,0.014740111384167774
2008,Switzerland,1.3,30,0.7,0,0,0,NA,NA,30,NA,NA,NA,CHE,7647675,514401636,0.014867128066443396
2009,Switzerland,1.3,30,0.7,0,0,0,NA,NA,30,NA,NA,NA,CHE,7743831,516143422,0.01500325426989555
2010,Switzerland,1.3,30,0.7,0,0,0,NA,NA,30,NA,NA,NA,CHE,7824909,517472369,0.015121404482178255
2011,Switzerland,1.27,27.8,0,0,0,0,0,29.07,27.8,"SVP-UDC 26.56%
LdT 0.8%
MCR 0.44%
EDU-UDF 1.27%",none,"SVP-UDC 26.56%
LdT 0.8%
MCR 0.44%",CHE,7912398,517441120,0.015291397792274414
2012,Switzerland,1.27,27.8,0,0,0,0,NA,NA,27.8,NA,NA,NA,CHE,7996861,518696961,0.01541721197784307
2013,Switzerland,1.27,27.8,0,0,0,0,NA,NA,27.8,NA,NA,NA,CHE,8089346,519632664,0.015567431688628411
2014,Switzerland,1.27,27.8,0,0,0,0,NA,NA,27.8,NA,NA,NA,CHE,8188649,520760605,0.01572440181030975
2015,Switzerland,1.19,30.71,0.86,0,0,0,0.86,31.900000000000002,30.71,"SVP-UDC 29.39%
LdT 1%
MCR 0.32%
EDU-UDF 1.19%",PdA 0.86%,"SVP-UDC 29.39%
LdT 1%
MCR 0.32%",CHE,8282396,522238816,0.015859403296441296
2016,Switzerland,1.19,30.71,0.86,0,0,0,NA,NA,30.71,NA,NA,NA,CHE,8373338,523772443,0.01598659515578982
2017,Switzerland,1.19,30.71,0.86,0,0,0,NA,NA,30.71,NA,NA,NA,CHE,8451840,524892162,0.016102050310288305
2018,Switzerland,1.19,30.71,0.86,0,0,0,NA,NA,30.71,NA,NA,NA,CHE,8514329,526313953,0.016177281547388504
2019,Switzerland,1,26.689999999999998,1.05,0,0,0,1.05,27.689999999999998,26.689999999999998,"SVP-UDC 25.59%
EDU-UDF 1%
LdT 0.75%
NA|SD 0.13%
MCR 0.22%","PdA 1.05%
S NA%","SVP-UDC 25.59%
LdT 0.75%
NA|SD 0.13%
MCR 0.22%",CHE,8575280,527321280,0.016261964622402494
2020,Switzerland,1,26.689999999999998,1.05,0,0,0,NA,NA,26.689999999999998,NA,NA,NA,CHE,8638167,527483574,0.01637618198135588
2021,Switzerland,1,26.689999999999998,1.05,0,0,0,NA,NA,26.689999999999998,NA,NA,NA,CHE,8704546,527178594,0.016511569511868305
2022,Switzerland,1,26.689999999999998,1.05,0,0,0,NA,NA,26.689999999999998,NA,NA,NA,CHE,8777088,528891778,0.016595243800519053
1993,United_Kingdom,0,0,0,0,0.3,0,NA,NA,0.3,NA,NA,NA,GBR,57718614,493206031,0.11702738890473949
1994,United_Kingdom,0,0,0,0,0.3,0,NA,NA,0.3,NA,NA,NA,GBR,57865745,494491729,0.11702065293795844
1995,United_Kingdom,0,0,0,0,0.3,0,NA,NA,0.3,NA,NA,NA,GBR,58019030,495519000,0.11708739725419207
1996,United_Kingdom,0,0,0,0,0.3,0,NA,NA,0.3,NA,NA,NA,GBR,58166950,496414281,0.11717420756474974
1997,United_Kingdom,0,0,0,0,0.34,0,0,0,0.34,none,none,DUP 0.34%,GBR,58316954,497247005,0.11727964857224228
1998,United_Kingdom,0,0,0,0,0.34,0,NA,NA,0.34,NA,NA,NA,GBR,58487141,498037471,0.11743522205781982
1999,United_Kingdom,0,0,0,0,0.34,0,NA,NA,0.34,NA,NA,NA,GBR,58682466,499004122,0.11759916083418645
2000,United_Kingdom,0,0,0,0,0.34,0,NA,NA,0.34,NA,NA,NA,GBR,58892514,499798011,0.11783262979011735
2001,United_Kingdom,0,0,0,0,2.2,0,0,0,2.2,none,none,"DUP 0.7%
UKIP 1.5%",GBR,59119673,500664525,0.11808240857488356
2002,United_Kingdom,0,0,0,0,2.2,0,NA,NA,2.2,NA,NA,NA,GBR,59370479,502009057,0.11826575272326212
2003,United_Kingdom,0,0,0,0,2.2,0,NA,NA,2.2,NA,NA,NA,GBR,59647577,503955288,0.11835886718585241
2004,United_Kingdom,0,0,0,0,2.2,0,NA,NA,2.2,NA,NA,NA,GBR,59987905,506053494,0.11854063989527558
2005,United_Kingdom,0,2.2,0,0.3,0.9,0,0.3,2.2,3.4,UKIP 2.2%,R 0.3%,"DUP 0.9%
R 0.3%
UKIP 2.2%",GBR,60401206,508143651,0.11886639906084352
2006,United_Kingdom,0,2.2,0,0.3,0.9,0,NA,NA,3.4,NA,NA,NA,GBR,60846820,510153708,0.11927154315616578
2007,United_Kingdom,0,2.2,0,0.3,0.9,0,NA,NA,3.4,NA,NA,NA,GBR,61322463,512283578,0.11970413582142975
2008,United_Kingdom,0,2.2,0,0.3,0.9,0,NA,NA,3.4,NA,NA,NA,GBR,61806995,514401636,0.12015318512711728
2009,United_Kingdom,0,2.2,0,0.3,0.9,0,NA,NA,3.4,NA,NA,NA,GBR,62276270,516143422,0.12065690919528953
2010,United_Kingdom,0,3.1,0,0,0.6,0,0,3.1,3.7,UKIP 3.1%,none,"DUP 0.6%
UKIP 3.1%",GBR,62766365,517472369,0.1212941381223777
2011,United_Kingdom,0,3.1,0,0,0.6,0,NA,NA,3.7,NA,NA,NA,GBR,63258810,517441120,0.12225315606923547
2012,United_Kingdom,0,3.1,0,0,0.6,0,NA,NA,3.7,NA,NA,NA,GBR,63711000,518696961,0.12282894404696541
2013,United_Kingdom,0,3.1,0,0,0.6,0,NA,NA,3.7,NA,NA,NA,GBR,64139000,519632664,0.12343142462653195
2014,United_Kingdom,0,3.1,0,0,0.6,0,NA,NA,3.7,NA,NA,NA,GBR,64620000,520760605,0.1240877274117154
2015,United_Kingdom,0,12.65,0,0,0.6,0,0,12.65,13.25,UKIP 12.65%,none,"DUP 0.6%
UKIP 12.65%",GBR,65088000,522238816,0.12463263550291137
2016,United_Kingdom,0,12.65,0,0,0.6,0,NA,NA,13.25,NA,NA,NA,GBR,65607000,523772443,0.12525859440833545
2017,United_Kingdom,0,1.8,0,0,0.9,0,0,1.8,2.7,UKIP 1.8%,none,"DUP 0.9%
UKIP 1.8%",GBR,65966000,524892162,0.12567533824214353
2018,United_Kingdom,0,1.8,0,0,0.9,0,NA,NA,2.7,NA,NA,NA,GBR,66289000,526313953,0.1259495394757281
2019,United_Kingdom,0,2.01,0,0,0.76,0,0,2.01,2.7699999999999996,BP 2.01%,none,"DUP 0.76%
BP 2.01%",GBR,66631000,527321280,0.12635750258362416
2020,United_Kingdom,0,2.01,0,0,0.76,0,NA,NA,2.7699999999999996,NA,NA,NA,GBR,66744000,527483574,0.12653285010160337
2021,United_Kingdom,0,2.01,0,0,0.76,0,NA,NA,2.7699999999999996,NA,NA,NA,GBR,66984000,527178594,0.12706130476913863
2022,United_Kingdom,0,2.01,0,0,0.76,0,NA,NA,2.7699999999999996,NA,NA,NA,GBR,67604000,528891778,0.12782199083457862
