year,country_name,right_votes,right_populist_votes,left_votes,left_populist_votes,populist_votes,other_votes,c2_left_votes,c2_right_votes,c2_populist_votes,country_code,pop,total_population,weight
1993,Austria,0,16.6,0,0,0,0,NA,NA,16.6,AUT,7905633,493577339,0.01601700964638492
1994,Austria,0,22.5,0,0,0,0,0,22.5,22.5,AUT,7936118,494866526,0.016036885873343554
1995,Austria,0,21.9,0,0,0,0,0,21.9,21.9,AUT,7948278,495896419,0.016028101223291954
1996,Austria,0,21.9,0,0,0,0,NA,NA,21.9,AUT,7959017,496794186,0.01602075310921614
1997,Austria,0,21.9,0,0,0,0,NA,NA,21.9,AUT,7968041,497629796,0.01601198534341782
1998,Austria,0,21.9,0,0,0,0,NA,NA,21.9,AUT,7976789,498422758,0.01600406255927824
1999,Austria,0,26.9,0,0,0,0,0,26.9,26.9,AUT,7992324,499391700,0.01600411861070178
2000,Austria,0,26.9,0,0,0,0,NA,NA,26.9,AUT,8011566,500188098,0.016017106428629975
2001,Austria,0,26.9,0,0,0,0,NA,NA,26.9,AUT,8042293,501057553,0.016050637200952442
2002,Austria,0,10.01,0,0,0,0,0,10.01,10.01,AUT,8081957,502405026,0.0160865369209105
2003,Austria,0,10.01,0,0,0,0,NA,NA,10.01,AUT,8121423,504353870,0.01610262849772522
2004,Austria,0,10.01,0,0,0,0,NA,NA,10.01,AUT,8171966,506454762,0.016135628713863294
2005,Austria,0,10.01,0,0,0,0,NA,NA,10.01,AUT,8227829,508547485,0.016179077161299894
2006,Austria,0,15.1,1,0,2.8,0,1,15.1,17.9,AUT,8268641,510559016,0.0161952697746503
2007,Austria,0,15.1,1,0,2.8,0,NA,NA,17.9,AUT,8295487,512690302,0.01618030800980511
2008,Austria,0,28.24,0,0,0,0,0,28.24,28.24,AUT,8321496,514811015,0.016164176285155825
2009,Austria,0,28.24,0,0,0,0,NA,NA,28.24,AUT,8343323,516555899,0.016151829871949637
2010,Austria,0,28.24,0,0,0,0,NA,NA,28.24,AUT,8363404,517886877,0.016149094274115
2011,Austria,0,28.24,0,0,0,0,NA,NA,28.24,AUT,8391643,517857388,0.01620454432910398
2012,Austria,0,28.24,0,0,0,0,NA,NA,28.24,AUT,8429991,519116989,0.016239096732779054
2013,Austria,0,20.5,1,0,9.2,0,1,20.5,29.7,AUT,8479823,520057474,0.0163055497208372
2014,Austria,0,20.5,1,0,9.2,0,NA,NA,29.7,AUT,8546356,521194086,0.01639764577067745
2015,Austria,0,20.5,1,0,9.2,0,NA,NA,29.7,AUT,8642699,522683036,0.016535258282229768
2016,Austria,0,20.5,1,0,9.2,0,NA,NA,29.7,AUT,8736668,524226948,0.016665812456478295
2017,Austria,0,26,0,0,0,4.4,0,26,26,AUT,8797566,525359268,0.016745809079359384
2018,Austria,0,26,0,0,0,4.4,NA,NA,26,AUT,8840521,526797856,0.01678161917196565
2019,Austria,0,16.2,0,0,0,1.9,0,16.2,16.2,AUT,8879920,527825192,0.016823600189208098
2020,Austria,0,16.2,0,0,0,1.9,NA,NA,16.2,AUT,8916864,527999064,0.016888029937871255
2021,Austria,0,16.2,0,0,0,1.9,NA,NA,16.2,AUT,8955797,527696744,0.016971484288711095
2022,Austria,0,16.2,0,0,0,1.9,NA,NA,16.2,AUT,9041851,529422891,0.0170786929573848
2023,Austria,0,16.2,0,0,0,1.9,NA,NA,16.2,AUT,9131761,532183631,0.017159041481304035
2024,Austria,0,28.800000000000004,0,0,0,0,0,28.800000000000004,28.800000000000004,AUT,9177982,534418555,0.017173771221322957
2025,Austria,0,28.800000000000004,0,0,0,0,NA,NA,28.800000000000004,AUT,9177982,534418555,0.017173771221322957
2026,Austria,0,28.800000000000004,0,0,0,0,NA,NA,28.800000000000004,AUT,9177982,534418555,0.017173771221322957
1993,Belgium,0,7.6,0.49,0,0,0,NA,NA,7.6,BEL,10084475,493577339,0.020431397884739598
1994,Belgium,0,7.6,0.49,0,0,0,NA,NA,7.6,BEL,10115603,494866526,0.020441073438052668
1995,Belgium,0,10.11,0.6,0,0,0,0.6,10.11,10.11,BEL,10136811,495896419,0.02044138778102368
1996,Belgium,0,10.11,0.6,0,0,0,NA,NA,10.11,BEL,10156637,496794186,0.02044435560282503
1997,Belgium,0,10.11,0.6,0,0,0,NA,NA,10.11,BEL,10181245,497629796,0.020459476264962237
1998,Belgium,0,10.11,0.6,0,0,0,NA,NA,10.11,BEL,10203008,498422758,0.020470590149095882
1999,Belgium,0,11.319999999999999,0,0,0,0,0,11.319999999999999,11.319999999999999,BEL,10226419,499391700,0.02047775123214903
2000,Belgium,0,11.319999999999999,0,0,0,0,NA,NA,11.319999999999999,BEL,10251250,500188098,0.02049478994200298
2001,Belgium,0,11.319999999999999,0,0,0,0,NA,NA,11.319999999999999,BEL,10286570,501057553,0.02052971747139794
2002,Belgium,0,11.319999999999999,0,0,0,0,NA,NA,11.319999999999999,BEL,10332785,502405026,0.020566643375896483
2003,Belgium,0,13.57,0,0,0,3.06,0,13.57,13.57,BEL,10376133,504353870,0.020573120614698563
2004,Belgium,0,13.57,0,0,0,3.06,NA,NA,13.57,BEL,10421137,506454762,0.02057663938008347
2005,Belgium,0,13.57,0,0,0,3.06,NA,NA,13.57,BEL,10478617,508547485,0.020604992275205136
2006,Belgium,0,13.57,0,0,0,3.06,NA,NA,13.57,BEL,10547958,510559016,0.020659625370321538
2007,Belgium,0,14,0.84,0,4.03,0,0.84,14,18.03,BEL,10625700,512690302,0.020725377403374406
2008,Belgium,0,14,0.84,0,4.03,0,NA,NA,18.03,BEL,10709973,514811015,0.020803698227008605
2009,Belgium,0,14,0.84,0,4.03,0,NA,NA,18.03,BEL,10796493,516555899,0.020900918992312195
2010,Belgium,0,9.05,1.55,0,2.31,17.4,1.55,9.05,11.360000000000001,BEL,10895586,517886877,0.02103854429198058
2011,Belgium,0,9.05,1.55,0,2.31,17.4,NA,NA,11.360000000000001,BEL,11038264,517857388,0.021315258323590817
2012,Belgium,0,9.05,1.55,0,2.31,17.4,NA,NA,11.360000000000001,BEL,11106932,519116989,0.021395816810765175
2013,Belgium,0,9.05,1.55,0,2.31,17.4,NA,NA,11.360000000000001,BEL,11159407,520057474,0.021458026387291187
2014,Belgium,0,5.1899999999999995,3.72,0,0,20.26,3.72,5.1899999999999995,5.1899999999999995,BEL,11209057,521194086,0.021506493072525
2015,Belgium,0,5.1899999999999995,3.72,0,0,20.26,NA,NA,5.1899999999999995,BEL,11274196,522683036,0.021569852517654697
2016,Belgium,0,5.1899999999999995,3.72,0,0,20.26,NA,NA,5.1899999999999995,BEL,11331422,524226948,0.021615489328106804
2017,Belgium,0,5.1899999999999995,3.72,0,0,20.26,NA,NA,5.1899999999999995,BEL,11375158,525359268,0.021652150619335796
2018,Belgium,0,5.1899999999999995,3.72,0,0,20.26,NA,NA,5.1899999999999995,BEL,11427054,526797856,0.021691534750665348
2019,Belgium,0,13.059999999999999,8.62,0,0,16.03,8.62,13.059999999999999,13.059999999999999,BEL,11488980,527825192,0.021766638224421847
2020,Belgium,0,13.059999999999999,8.62,0,0,16.03,NA,NA,13.059999999999999,BEL,11538604,527999064,0.02185345540688307
2021,Belgium,0,13.059999999999999,8.62,0,0,16.03,NA,NA,13.059999999999999,BEL,11586195,527696744,0.02195616162452577
2022,Belgium,0,13.059999999999999,8.62,0,0,16.03,NA,NA,13.059999999999999,BEL,11680210,529422891,0.022062155223280665
2023,Belgium,0,13.059999999999999,8.62,0,0,16.03,NA,NA,13.059999999999999,BEL,11779946,532183631,0.022135115238070897
2024,Belgium,0,13.77,9.86,0,0,16.7,9.86,13.77,13.77,BEL,11858610,534418555,0.02218974227045691
2025,Belgium,0,13.77,9.86,0,0,16.7,NA,NA,13.77,BEL,11858610,534418555,0.02218974227045691
2026,Belgium,0,13.77,9.86,0,0,16.7,NA,NA,13.77,BEL,11858610,534418555,0.02218974227045691
1993,Bulgaria,0,0,0,0,0,0,NA,NA,0,BGR,8472313,493577339,0.017165117460953772
1994,Bulgaria,0,0,0,0,0,0,0,0,0,BGR,8443591,494866526,0.01706236036664157
1995,Bulgaria,0,0,0,0,0,0,NA,NA,0,BGR,8406067,495896419,0.01695125570164684
1996,Bulgaria,0,0,0,0,0,0,NA,NA,0,BGR,8362826,496794186,0.016833582669987204
1997,Bulgaria,0,0,0,0,0,0,0,0,0,BGR,8312068,497629796,0.016703316535330612
1998,Bulgaria,0,0,0,0,0,0,NA,NA,0,BGR,8256786,498422758,0.016565828641396024
1999,Bulgaria,0,0,0,0,0,0,NA,NA,0,BGR,8210624,499391700,0.01644125042526738
2000,Bulgaria,0,0,0,0,0,0,NA,NA,0,BGR,8170172,500188098,0.016334199139620472
2001,Bulgaria,0,0,0,0,42.74,0,0,0,42.74,BGR,8009142,501057553,0.015984475140723008
2002,Bulgaria,0,0,0,0,42.74,0,NA,NA,42.74,BGR,7837161,502405026,0.01559928861061991
2003,Bulgaria,0,0,0,0,42.74,0,NA,NA,42.74,BGR,7775327,504353870,0.015416411893498507
2004,Bulgaria,0,0,0,0,42.74,0,NA,NA,42.74,BGR,7716860,506454762,0.015237017358719199
2005,Bulgaria,0,8.14,0,0,19.88,0,0,8.14,28.02,BGR,7658972,508547485,0.015060485452995603
2006,Bulgaria,0,8.14,0,0,19.88,0,NA,NA,28.02,BGR,7601022,510559016,0.014887646210913255
2007,Bulgaria,0,8.14,0,0,19.88,0,NA,NA,28.02,BGR,7545338,512690302,0.01471714594671619
2008,Bulgaria,0,8.14,0,0,19.88,0,NA,NA,28.02,BGR,7492561,514811015,0.014554002889778882
2009,Bulgaria,0,13.489999999999998,0,0,42.74,0,0,13.489999999999998,56.230000000000004,BGR,7444443,516555899,0.014411689062910111
2010,Bulgaria,0,13.489999999999998,0,0,42.74,0,NA,NA,56.230000000000004,BGR,7395599,517886877,0.014280336746204133
2011,Bulgaria,0,13.489999999999998,0,0,42.74,0,NA,NA,56.230000000000004,BGR,7348328,517857388,0.014189868041430742
2012,Bulgaria,0,13.489999999999998,0,0,42.74,0,NA,NA,56.230000000000004,BGR,7305888,519116989,0.014073683109608265
2013,Bulgaria,0,14.556,0,0,30.535,0,0,14.556,45.091,BGR,7160005,520057474,0.013767718681031781
2014,Bulgaria,0,11.8,0,0,38.36,0,0,11.8,50.16,BGR,7073572,521194086,0.013571857758953927
2015,Bulgaria,0,11.8,0,0,38.36,0,NA,NA,50.16,BGR,6984225,522683036,0.013362256891765662
2016,Bulgaria,0,11.8,0,0,38.36,0,NA,NA,50.16,BGR,6894139,524226948,0.013151058003221918
2017,Bulgaria,0,14.68,0,0,33.54,0,0,14.68,48.22,BGR,6803468,525359268,0.012950124637374818
2018,Bulgaria,0,14.68,0,0,33.54,0,NA,NA,48.22,BGR,6710798,526797856,0.01273884835248836
2019,Bulgaria,0,14.68,0,0,33.54,0,NA,NA,48.22,BGR,6616726,527825192,0.012535828339167259
2020,Bulgaria,0,14.68,0,0,33.54,0,NA,NA,48.22,BGR,6550696,527999064,0.012406643205715986
2021,Bulgaria,0,5.94,0,0,34.55,0,0,5.94,40.489999999999995,BGR,6507301,527696744,0.0123315162998239
2022,Bulgaria,0,10.18,0,0,30.169999999999998,9.3,0,10.18,40.349999999999994,BGR,6465097,529422891,0.0122115932459747
2023,Bulgaria,0,13.58,0,0,31.470000000000002,8.56,0,13.58,45.050000000000004,BGR,6446596,532183631,0.01211348043134382
2024,Bulgaria,0,18.163,0,0,33.2,11.6,0,18.163,51.363,BGR,6441421,534418555,0.012053138761246791
2025,Bulgaria,0,18.163,0,0,33.2,11.6,NA,NA,51.363,BGR,6441421,534418555,0.012053138761246791
2026,Bulgaria,0,7.457,0,0,65.34100000000001,6.121,0,7.457,72.798,BGR,6441421,534418555,0.012053138761246791
1993,Croatia,7.07,44.71,0,0,0,0,NA,NA,44.71,HRV,4600463,493577339,0.009320652786290094
1994,Croatia,7.07,44.71,0,0,0,0,NA,NA,44.71,HRV,4652024,494866526,0.00940056309244081
1995,Croatia,5.01,45.23,0,0,0,0,0,50.239999999999995,45.23,HRV,4620030,495896419,0.009316522207029691
1996,Croatia,5.01,45.23,0,0,0,0,NA,NA,45.23,HRV,4557097,496794186,0.009173007914388112
1997,Croatia,5.01,45.23,0,0,0,0,NA,NA,45.23,HRV,4534920,497629796,0.009113039525470858
1998,Croatia,5.01,45.23,0,0,0,0,NA,NA,45.23,HRV,4532135,498422758,0.009092953576570032
1999,Croatia,5.01,45.23,0,0,0,0,NA,NA,45.23,HRV,4512597,499391700,0.009036187425622011
2000,Croatia,5.3,24.4,0,0,0,0,0,29.7,24.4,HRV,4468302,500188098,0.00893324334958486
2001,Croatia,5.3,24.4,0,0,0,0,NA,NA,24.4,HRV,4299642,501057553,0.008581133992006702
2002,Croatia,5.3,24.4,0,0,0,0,NA,NA,24.4,HRV,4302174,502405026,0.008563158761074973
2003,Croatia,6.5,0,0,0,0,33.2,0,6.5,0,HRV,4303399,504353870,0.008532499215283111
2004,Croatia,6.5,0,0,0,0,33.2,NA,NA,0,HRV,4304600,506454762,0.008499475813004597
2005,Croatia,6.5,0,0,0,0,33.2,NA,NA,0,HRV,4310145,508547485,0.00847540323594364
2006,Croatia,6.5,0,0,0,0,33.2,NA,NA,0,HRV,4311159,510559016,0.00844399739284988
2007,Croatia,3.4,0,0,0,1.8,35.9,0,3.4,1.8,HRV,4310217,512690302,0.008407057795292567
2008,Croatia,3.4,0,0,0,1.8,35.9,NA,NA,1.8,HRV,4309705,514811015,0.008371431213452183
2009,Croatia,3.4,0,0,0,1.8,35.9,NA,NA,1.8,HRV,4305181,516555899,0.008334395190016018
2010,Croatia,3.4,0,0,0,1.8,35.9,NA,NA,1.8,HRV,4295427,517886877,0.008294141425020121
2011,Croatia,3,0,0,0,7.15,23.5,0,3,7.15,HRV,4280622,517857388,0.008266024776690065
2012,Croatia,3,0,0,0,7.15,23.5,NA,NA,7.15,HRV,4260368,519116989,0.008206951593333425
2013,Croatia,3,0,0,0,7.15,23.5,NA,NA,7.15,HRV,4233922,520057474,0.008141257864125995
2014,Croatia,3,0,0,0,7.15,23.5,NA,NA,7.15,HRV,4201598,521194086,0.00806148441216196
2015,Croatia,0,0,0,0,22.3,34.08,0,0,22.3,HRV,4151725,522683036,0.007943102634002455
2016,Croatia,0,0,0,0,20.38,35.17,0,0,20.38,HRV,4106867,524226948,0.007834139423141597
2017,Croatia,0,0,0,0,20.38,35.17,NA,NA,20.38,HRV,4041407,525359268,0.00769265385834975
2018,Croatia,0,0,0,0,20.38,35.17,NA,NA,20.38,HRV,3988775,526797856,0.007571737345871051
2019,Croatia,0,0,0,0,20.38,35.17,NA,NA,20.38,HRV,3949390,527825192,0.0074823825384977075
2020,Croatia,0,18.28,0,0,9.25,37.26,0,18.28,27.53,HRV,3914206,527999064,0.007413282081121265
2021,Croatia,0,18.28,0,0,9.25,37.26,NA,NA,27.53,HRV,3878981,527696744,0.007350776831778216
2022,Croatia,0,18.28,0,0,9.25,37.26,NA,NA,27.53,HRV,3855641,529422891,0.007282724388281125
2023,Croatia,0,18.28,0,0,9.25,37.26,NA,NA,27.53,HRV,3859686,532183631,0.007252545503414779
2024,Croatia,0,17.6,0,0.8,12,34.4,0.8,17.6,30.400000000000002,HRV,3866200,534418555,0.007234404501542803
2025,Croatia,0,17.6,0,0.8,12,34.4,NA,NA,30.400000000000002,HRV,3866200,534418555,0.007234404501542803
2026,Croatia,0,17.6,0,0.8,12,34.4,NA,NA,30.400000000000002,HRV,3866200,534418555,0.007234404501542803
1993,Cyprus,0,0,0,0,0,30.6,NA,NA,0,CYP,826034,493577339,0.0016735654875760007
1994,Cyprus,0,0,0,0,0,30.6,NA,NA,0,CYP,844667,494866526,0.001706858224635707
1995,Cyprus,0,0,0,0,0,30.6,NA,NA,0,CYP,862695,495896419,0.0017396677349267166
1996,Cyprus,0,1.7,0,0,0,33,0,1.7,1.7,CYP,880290,496794186,0.0017719410267011458
1997,Cyprus,0,1.7,0,0,0,33,NA,NA,1.7,CYP,897568,497629796,0.0018036862085324167
1998,Cyprus,0,1.7,0,0,0,33,NA,NA,1.7,CYP,914548,498422758,0.0018348841125749719
1999,Cyprus,0,1.7,0,0,0,33,NA,NA,1.7,CYP,931234,499391700,0.0018647366385945142
2000,Cyprus,0,1.7,0,0,0,33,NA,NA,1.7,CYP,947667,500188098,0.0018946212510638348
2001,Cyprus,0,3,0,0,0,34.7,0,3,3,CYP,964127,501057553,0.0019241841465664922
2002,Cyprus,0,3,0,0,0,34.7,NA,NA,3,CYP,981440,502405026,0.001953483642100348
2003,Cyprus,0,3,0,0,0,34.7,NA,NA,3,CYP,999590,504353870,0.001981921939054418
2004,Cyprus,0,3,0,0,0,34.7,NA,NA,3,CYP,1017875,506454762,0.0020098043820940517
2005,Cyprus,0,3,0,0,0,34.7,NA,NA,3,CYP,1036151,508547485,0.0020374714860697815
2006,Cyprus,5.75,0,0,0,0,31.13,0,5.75,0,CYP,1054418,510559016,0.0020652225638103316
2007,Cyprus,5.75,0,0,0,0,31.13,NA,NA,0,CYP,1072714,512690302,0.0020923235641777363
2008,Cyprus,5.75,0,0,0,0,31.13,NA,NA,0,CYP,1091026,514811015,0.0021192747789205713
2009,Cyprus,5.75,0,0,0,0,31.13,NA,NA,0,CYP,1109371,516555899,0.0021476301057593767
2010,Cyprus,5.75,0,0,0,0,31.13,NA,NA,0,CYP,1127816,517886877,0.002177726546255004
2011,Cyprus,4.96,0,0,0,0,32.67,0,4.96,0,CYP,1146493,517857388,0.0022139164692191278
2012,Cyprus,4.96,0,0,0,0,32.67,NA,NA,0,CYP,1165397,519116989,0.002244960239588691
2013,Cyprus,4.96,0,0,0,0,32.67,NA,NA,0,CYP,1183895,520057474,0.002276469542672124
2014,Cyprus,4.96,0,0,0,0,32.67,NA,NA,0,CYP,1201801,521194086,0.00230586077678556
2015,Cyprus,4.96,0,0,0,0,32.67,NA,NA,0,CYP,1219502,522683036,0.0023331577954636353
2016,Cyprus,3.71,0,0,0,6.01,30.910000000000004,0,3.71,6.01,CYP,1237112,524226948,0.002359878683687966
2017,Cyprus,3.71,0,0,0,6.01,30.910000000000004,NA,NA,6.01,CYP,1254275,525359268,0.0023874614504754486
2018,Cyprus,3.71,0,0,0,6.01,30.910000000000004,NA,NA,6.01,CYP,1270737,526797856,0.002412190910663084
2019,Cyprus,3.71,0,0,0,6.01,30.910000000000004,NA,NA,6.01,CYP,1286671,527825192,0.0024376839520005326
2020,Cyprus,3.71,0,0,0,6.01,30.910000000000004,NA,NA,6.01,CYP,1302247,527999064,0.0024663812661607294
2021,Cyprus,6.78,0,0,0,0,24.65,0,6.78,0,CYP,1317309,527696744,0.0024963371765659406
2022,Cyprus,6.78,0,0,0,0,24.65,NA,NA,0,CYP,1331370,529422891,0.0025147571490255036
2023,Cyprus,6.78,0,0,0,0,24.65,NA,NA,0,CYP,1344976,532183631,0.0025272780327210025
2024,Cyprus,6.78,0,0,0,0,24.65,NA,NA,0,CYP,1358282,534418555,0.002541607111676727
2025,Cyprus,6.78,0,0,0,0,24.65,NA,NA,0,CYP,1358282,534418555,0.002541607111676727
2026,Cyprus,6.78,0,0,0,0,24.65,NA,NA,0,CYP,1358282,534418555,0.002541607111676727
1993,Czech_Republic,5.98,0,14.05,0,0,0,NA,NA,0,CZE,10329855,493577339,0.02092854388519648
1994,Czech_Republic,5.98,0,14.05,0,0,0,NA,NA,0,CZE,10333587,494866526,0.020881563931038648
1995,Czech_Republic,5.98,0,14.05,0,0,0,NA,NA,0,CZE,10327253,495896419,0.020825423625412388
1996,Czech_Republic,8.01,0,10.33,0,0,0,10.33,8.01,0,CZE,10315241,496794186,0.02076361054676272
1997,Czech_Republic,8.01,0,10.33,0,0,0,NA,NA,0,CZE,10304131,497629796,0.020706418873680143
1998,Czech_Republic,3.9,0,11.03,0,0,0,11.03,3.9,0,CZE,10294373,498422758,0.020653898392015237
1999,Czech_Republic,3.9,0,11.03,0,0,0,NA,NA,0,CZE,10283860,499391700,0.02059277316783599
2000,Czech_Republic,3.9,0,11.03,0,0,0,NA,NA,0,CZE,10255063,500188098,0.020502413074211134
2001,Czech_Republic,3.9,0,11.03,0,0,0,NA,NA,0,CZE,10216605,501057553,0.020390082813500666
2002,Czech_Republic,0,0,18.51,0,0,0,18.51,0,0,CZE,10196916,502405026,0.020296206192809862
2003,Czech_Republic,0,0,18.51,0,0,0,NA,NA,0,CZE,10193998,504353870,0.020211995200909234
2004,Czech_Republic,0,0,18.51,0,0,0,NA,NA,0,CZE,10197101,506454762,0.020134278054236166
2005,Czech_Republic,0,0,18.51,0,0,0,NA,NA,0,CZE,10211216,508547485,0.02007917903674226
2006,Czech_Republic,0,0,12.81,0,0,0,12.81,0,0,CZE,10238905,510559016,0.020054302596039162
2007,Czech_Republic,0,0,12.81,0,0,0,NA,NA,0,CZE,10298828,512690302,0.02008781511923352
2008,Czech_Republic,0,0,12.81,0,0,0,NA,NA,0,CZE,10384603,514811015,0.020171679893057456
2009,Czech_Republic,0,0,12.81,0,0,0,NA,NA,0,CZE,10443936,516555899,0.02021840428154708
2010,Czech_Republic,0,0,11.27,0,10.88,0,11.27,0,10.88,CZE,10474410,517886877,0.020225285608076914
2011,Czech_Republic,0,0,11.27,0,10.88,0,NA,NA,10.88,CZE,10496088,517857388,0.02026829826747591
2012,Czech_Republic,0,0,11.27,0,10.88,0,NA,NA,10.88,CZE,10510785,519116989,0.020247430199206985
2013,Czech_Republic,0,6.88,14.91,0,18.65,0,14.91,6.88,25.529999999999998,CZE,10514272,520057474,0.02021751926595713
2014,Czech_Republic,0,6.88,14.91,0,18.65,0,NA,NA,25.529999999999998,CZE,10525347,521194086,0.02019467849449082
2015,Czech_Republic,0,6.88,14.91,0,18.65,0,NA,NA,25.529999999999998,CZE,10546059,522683036,0.020176776887015708
2016,Czech_Republic,0,6.88,14.91,0,18.65,0,NA,NA,25.529999999999998,CZE,10566332,524226948,0.020156026011848592
2017,Czech_Republic,0,10.64,7.76,0,29.64,0,7.76,10.64,40.28,CZE,10594438,525359268,0.020166081851629197
2018,Czech_Republic,0,10.64,7.76,0,29.64,0,NA,NA,40.28,CZE,10629928,526797856,0.020178381287869175
2019,Czech_Republic,0,10.64,7.76,0,29.64,0,NA,NA,40.28,CZE,10671870,527825192,0.020218568878008384
2020,Czech_Republic,0,10.64,7.76,0,29.64,0,NA,NA,40.28,CZE,10697858,527999064,0.020261130614428514
2021,Czech_Republic,0,10.89,3.61,0,31.81,0,3.61,10.89,42.7,CZE,10505772,527696744,0.0199087300034582
2022,Czech_Republic,0,10.89,3.61,0,31.81,0,NA,NA,42.7,CZE,10672118,529422891,0.020158021463412695
2023,Czech_Republic,0,10.89,3.61,0,31.81,0,NA,NA,42.7,CZE,10864042,532183631,0.020414085227660826
2024,Czech_Republic,0,10.89,3.61,0,31.81,0,NA,NA,42.7,CZE,10905028,534418555,0.020405406769605894
2025,Czech_Republic,0,7.8,4.3,0,42.37,0,4.3,7.8,50.169999999999995,CZE,10905028,534418555,0.020405406769605894
2026,Czech_Republic,0,7.8,4.3,0,42.37,0,NA,NA,50.169999999999995,CZE,10905028,534418555,0.020405406769605894
1993,Denmark,0,0,1.7,0,6.4,8.3,NA,NA,6.4,DNK,5188628,493577339,0.010512289746754359
1994,Denmark,0,0,3.1,0,6.4,7.3,3.1,0,6.4,DNK,5206180,494866526,0.010520372113429228
1995,Denmark,0,0,3.1,0,6.4,7.3,NA,NA,6.4,DNK,5233373,495896419,0.010553359128007738
1996,Denmark,0,0,3.1,0,6.4,7.3,NA,NA,6.4,DNK,5263074,496794186,0.010594073256726882
1997,Denmark,0,0,3.1,0,6.4,7.3,NA,NA,6.4,DNK,5284991,497629796,0.010620326681563898
1998,Denmark,0,7.4,2.7,0,2.4,7.6,2.7,7.4,9.8,DNK,5304219,498422758,0.010642008044102994
1999,Denmark,0,7.4,2.7,0,2.4,7.6,NA,NA,9.8,DNK,5321799,499391700,0.010656562774271178
2000,Denmark,0,7.4,2.7,0,2.4,7.6,NA,NA,9.8,DNK,5339616,500188098,0.010675216026431721
2001,Denmark,0,12,2.4,0,0.5,6.4,2.4,12,12.5,DNK,5358783,501057553,0.010694945057539129
2002,Denmark,0,12,2.4,0,0.5,6.4,NA,NA,12.5,DNK,5375931,502405026,0.01070039255538817
2003,Denmark,0,12,2.4,0,0.5,6.4,NA,NA,12.5,DNK,5390574,504353870,0.010688078987081035
2004,Denmark,0,12,2.4,0,0.5,6.4,NA,NA,12.5,DNK,5404523,506454762,0.010671284792855793
2005,Denmark,0,13.3,3.4,0,0,6,3.4,13.3,13.3,DNK,5419432,508547485,0.010656688234334695
2006,Denmark,0,13.3,3.4,0,0,6,NA,NA,13.3,DNK,5437272,510559016,0.010649644467349883
2007,Denmark,0,13.9,2.2,0,0,13,2.2,13.9,13.9,DNK,5461438,512690302,0.010652508890250083
2008,Denmark,0,13.9,2.2,0,0,13,NA,NA,13.9,DNK,5493621,514811015,0.010671141137102515
2009,Denmark,0,13.9,2.2,0,0,13,NA,NA,13.9,DNK,5523095,516555899,0.010692153570779375
2010,Denmark,0,13.9,2.2,0,0,13,NA,NA,13.9,DNK,5547683,517886877,0.01071215210575803
2011,Denmark,0,12.3,6.7,0,0,9.2,6.7,12.3,12.3,DNK,5570572,517857388,0.010756961528566625
2012,Denmark,0,12.3,6.7,0,0,9.2,NA,NA,12.3,DNK,5591572,519116989,0.01077131382421391
2013,Denmark,0,12.3,6.7,0,0,9.2,NA,NA,12.3,DNK,5614932,520057474,0.010796752821977519
2014,Denmark,0,12.3,6.7,0,0,9.2,NA,NA,12.3,DNK,5643475,521194086,0.010827972057994534
2015,Denmark,0,21.1,7.8,0,0,4.2,7.8,21.1,21.1,DNK,5683483,522683036,0.010873670290688371
2016,Denmark,0,21.1,7.8,0,0,4.2,NA,NA,21.1,DNK,5728010,524226948,0.010926584415114807
2017,Denmark,0,21.1,7.8,0,0,4.2,NA,NA,21.1,DNK,5764980,525359268,0.010973404965228481
2018,Denmark,0,21.1,7.8,0,0,4.2,NA,NA,21.1,DNK,5793636,526797856,0.010997835192404428
2019,Denmark,2.4,8.7,6.9,0,0,7.7,6.9,11.1,8.7,DNK,5814422,527825192,0.011015809946411197
2020,Denmark,2.4,8.7,6.9,0,0,7.7,NA,NA,8.7,DNK,5831404,527999064,0.011044345336187944
2021,Denmark,2.4,8.7,6.9,0,0,7.7,NA,NA,8.7,DNK,5856733,527696744,0.011098671853847936
2022,Denmark,3.7,2.6,5.1,0,0,8.3,5.1,6.300000000000001,2.6,DNK,5903037,529422891,0.011149946669004155
2023,Denmark,3.7,2.6,5.1,0,0,8.3,NA,NA,2.6,DNK,5946952,532183631,0.011174624046262708
2024,Denmark,3.7,2.6,5.1,0,0,8.3,NA,NA,2.6,DNK,5976992,534418555,0.011184102692691874
2025,Denmark,3.7,2.6,5.1,0,0,8.3,NA,NA,2.6,DNK,5976992,534418555,0.011184102692691874
2026,Denmark,0,17,6.3,0,0,11.600000000000001,6.3,17,17,DNK,5976992,534418555,0.011184102692691874
1993,Estonia,8.79,6.89,0,0,0,0,NA,NA,6.89,EST,1494128,493577339,0.0030271405956909217
1994,Estonia,8.79,6.89,0,0,0,0,NA,NA,6.89,EST,1462514,494866526,0.0029553706366471835
1995,Estonia,0,3.61,0,0,0,14.17,0,3.61,3.61,EST,1436634,495896419,0.0028970445136446933
1996,Estonia,0,3.61,0,0,0,14.17,NA,NA,3.61,EST,1415594,496794186,0.002849457662533917
1997,Estonia,0,3.61,0,0,0,14.17,NA,NA,3.61,EST,1399535,497629796,0.00281240193262061
1998,Estonia,0,3.61,0,0,0,14.17,NA,NA,3.61,EST,1386156,498422758,0.0027810848877811473
1999,Estonia,0,7.27,0,0,0,23.41,0,7.27,7.27,EST,1390244,499391700,0.0027838748621573004
2000,Estonia,0,7.27,0,0,0,23.41,NA,NA,7.27,EST,1396985,500188098,0.002792919314925402
2001,Estonia,0,7.27,0,0,0,23.41,NA,NA,7.27,EST,1388115,501057553,0.0027703703730018415
2002,Estonia,0,7.27,0,0,0,23.41,NA,NA,7.27,EST,1379350,502405026,0.0027454940309454626
2003,Estonia,0,13,0,0,24.6,25.4,0,13,37.6,EST,1370720,504353870,0.00271777432777506
2004,Estonia,0,13,0,0,24.6,25.4,NA,NA,37.6,EST,1362550,506454762,0.0026903686217091983
2005,Estonia,0,13,0,0,24.6,25.4,NA,NA,37.6,EST,1354775,508547485,0.00266400884865255
2006,Estonia,0,13,0,0,24.6,25.4,NA,NA,37.6,EST,1346810,510559016,0.0026379124798375903
2007,Estonia,0,7.1,0,0,0,26.1,0,7.1,7.1,EST,1340680,512690302,0.0026149899749810363
2008,Estonia,0,7.1,0,0,0,26.1,NA,NA,7.1,EST,1337090,514811015,0.0025972443499484954
2009,Estonia,0,7.1,0,0,0,26.1,NA,NA,7.1,EST,1334515,516555899,0.002583486129155598
2010,Estonia,0,7.1,0,0,0,26.1,NA,NA,7.1,EST,1331475,517886877,0.0025709765184878395
2011,Estonia,0,2.1,0,0,0,23.3,0,2.1,2.1,EST,1327439,517857388,0.0025633292693315788
2012,Estonia,0,2.1,0,0,0,23.3,NA,NA,2.1,EST,1322696,519116989,0.0025479728616625954
2013,Estonia,0,2.1,0,0,0,23.3,NA,NA,2.1,EST,1317997,520057474,0.0025343295037425035
2014,Estonia,0,2.1,0,0,0,23.3,NA,NA,2.1,EST,1314545,521194086,0.0025221794247296966
2015,Estonia,0,8.15,0,0,0,24.81,0,8.15,8.15,EST,1315407,522683036,0.0025166437580729137
2016,Estonia,0,8.15,0,0,0,24.81,NA,NA,8.15,EST,1315790,524226948,0.002509962536302121
2017,Estonia,0,8.15,0,0,0,24.81,NA,NA,8.15,EST,1317384,525359268,0.0025075868652991956
2018,Estonia,0,8.15,0,0,0,24.81,NA,NA,8.15,EST,1321977,526797856,0.0025094578213317557
2019,Estonia,0,17.8,0,0,0,23.1,0,17.8,17.8,EST,1326898,527825192,0.002513896684188579
2020,Estonia,0,17.8,0,0,0,23.1,NA,NA,17.8,EST,1329522,527999064,0.0025180385547047108
2021,Estonia,0,17.8,0,0,0,23.1,NA,NA,17.8,EST,1330932,527696744,0.0025221531402892265
2022,Estonia,0,17.8,0,0,0,23.1,NA,NA,17.8,EST,1348840,529422891,0.002547755344413319
2023,Estonia,0,16.1,0,0,0,15.3,0,16.1,16.1,EST,1370286,532183631,0.0025748368047795143
2024,Estonia,0,16.1,0,0,0,15.3,NA,NA,16.1,EST,1372341,534418555,0.002567914207245293
2025,Estonia,0,16.1,0,0,0,15.3,NA,NA,16.1,EST,1372341,534418555,0.002567914207245293
2026,Estonia,0,16.1,0,0,0,15.3,NA,NA,16.1,EST,1372341,534418555,0.002567914207245293
1993,Finland,0,0,0,0,4.8,10.1,NA,NA,4.8,FIN,5066447,493577339,0.010264747993221787
1994,Finland,0,0,0,0,4.8,10.1,NA,NA,4.8,FIN,5088333,494866526,0.010282233153106824
1995,Finland,0,0,0,0,1.3,11.2,0,0,1.3,FIN,5107790,495896419,0.010300114710043913
1996,Finland,0,0,0,0,1.3,11.2,NA,NA,1.3,FIN,5124573,496794186,0.010315283762197652
1997,Finland,0,0,0,0,1.3,11.2,NA,NA,1.3,FIN,5139835,497629796,0.010328631929427312
1998,Finland,0,0,0,0,1.3,11.2,NA,NA,1.3,FIN,5153498,498422758,0.010339612141065196
1999,Finland,0,0,0,0,1,10.9,0,0,1,FIN,5165474,499391700,0.01034353194095937
2000,Finland,0,0,0,0,1,10.9,NA,NA,1,FIN,5176209,500188098,0.01034852492631682
2001,Finland,0,0,0,0,1,10.9,NA,NA,1,FIN,5188008,501057553,0.010354115947235306
2002,Finland,0,0,0,0,1,10.9,NA,NA,1,FIN,5200598,502405026,0.010351405202701933
2003,Finland,0,0,0,0,1.6,9.9,0,0,1.6,FIN,5213014,504353870,0.010336024585277792
2004,Finland,0,0,0,0,1.6,9.9,NA,NA,1.6,FIN,5228172,506454762,0.010323077977100746
2005,Finland,0,0,0,0,1.6,9.9,NA,NA,1.6,FIN,5246096,508547485,0.010315842973837537
2006,Finland,0,0,0,0,1.6,9.9,NA,NA,1.6,FIN,5266268,510559016,0.010314709631922355
2007,Finland,0,0,0,0,4.1,8.8,0,0,4.1,FIN,5288720,512690302,0.01031562325124691
2008,Finland,0,0,0,0,4.1,8.8,NA,NA,4.1,FIN,5313399,514811015,0.010321067042436922
2009,Finland,0,0,0,0,4.1,8.8,NA,NA,4.1,FIN,5338871,516555899,0.01033551453063553
2010,Finland,0,0,0,0,4.1,8.8,NA,NA,4.1,FIN,5363352,517886877,0.010356223025129868
2011,Finland,0,0,0,0,19.1,8.1,0,0,19.1,FIN,5388272,517857388,0.010404934109002227
2012,Finland,0,0,0,0,19.1,8.1,NA,NA,19.1,FIN,5413971,519116989,0.010429192484008648
2013,Finland,0,0,0,0,19.1,8.1,NA,NA,19.1,FIN,5438972,520057474,0.01045840560306994
2014,Finland,0,0,0,0,19.1,8.1,NA,NA,19.1,FIN,5461512,521194086,0.010478844919203477
2015,Finland,0,0,0,0,17.65,7.13,0,0,17.65,FIN,5479531,522683036,0.01048346822566478
2016,Finland,0,0,0,0,17.65,7.13,NA,NA,17.65,FIN,5495303,524226948,0.010482679345206039
2017,Finland,0,0,0,0,17.65,7.13,NA,NA,17.65,FIN,5508214,525359268,0.010484661327036873
2018,Finland,0,0,0,0,17.65,7.13,NA,NA,17.65,FIN,5515525,526797856,0.01046990783500835
2019,Finland,0,17.5,0,0,2.25,8.2,0,17.5,19.75,FIN,5521606,527825192,0.010461050521438545
2020,Finland,0,17.5,0,0,2.25,8.2,NA,NA,19.75,FIN,5529543,527999064,0.01047263788331261
2021,Finland,0,17.5,0,0,2.25,8.2,NA,NA,19.75,FIN,5541017,527696744,0.010500381256853084
2022,Finland,0,17.5,0,0,2.25,8.2,NA,NA,19.75,FIN,5556106,529422891,0.010494646329903405
2023,Finland,0,20.1,0,0,2.4,7.1,0,20.1,22.5,FIN,5583911,532183631,0.010492451617701109
2024,Finland,0,20.1,0,0,2.4,7.1,NA,NA,22.5,FIN,5619911,534418555,0.010515935398238559
2025,Finland,0,20.1,0,0,2.4,7.1,NA,NA,22.5,FIN,5619911,534418555,0.010515935398238559
2026,Finland,0,20.1,0,0,2.4,7.1,NA,NA,22.5,FIN,5619911,534418555,0.010515935398238559
1993,France,0,12.4,9.2,0,0,0,9.2,12.4,12.4,FRA,59103094,493577339,0.11974434263887468
1994,France,0,12.4,9.2,0,0,0,NA,NA,12.4,FRA,59324863,494866526,0.11988053320058266
1995,France,0,12.4,9.2,0,0,0,NA,NA,12.4,FRA,59541294,495896419,0.12006800557275248
1996,France,0,12.4,9.2,0,0,0,NA,NA,12.4,FRA,59754504,496794186,0.12028019989750846
1997,France,0,14.95,9.93,0,0,0,9.93,14.95,14.95,FRA,59968066,497629796,0.12050738617749489
1998,France,0,14.95,9.93,0,0,0,NA,NA,14.95,FRA,60190684,498422758,0.12076231077714955
1999,France,0,14.95,9.93,0,0,0,NA,NA,14.95,FRA,60501986,499391700,0.12115136475035528
2000,France,0,14.95,9.93,0,0,0,NA,NA,14.95,FRA,60918661,500188098,0.12179150452316441
2001,France,0,14.95,9.93,0,0,0,NA,NA,14.95,FRA,61364377,501057553,0.12246971756555879
2002,France,0,11.34,6.0200000000000005,0,0,1.17,6.0200000000000005,11.34,11.34,FRA,61812142,502405026,0.12303249131906574
2003,France,0,11.34,6.0200000000000005,0,0,1.17,NA,NA,11.34,FRA,62249855,504353870,0.123424957560056
2004,France,0,11.34,6.0200000000000005,0,0,1.17,NA,NA,11.34,FRA,62707588,506454762,0.12381676055797457
2005,France,0,11.34,6.0200000000000005,0,0,1.17,NA,NA,11.34,FRA,63180854,508547485,0.12423786541781835
2006,France,0,11.34,6.0200000000000005,0,0,1.17,NA,NA,11.34,FRA,63622342,510559016,0.12461310055486319
2007,France,0,4.29,4.3,0,0,1.2,4.3,4.29,4.29,FRA,64016890,512690302,0.1248646400180981
2008,France,0,4.29,4.3,0,0,1.2,NA,NA,4.29,FRA,64375116,514811015,0.12504611230977644
2009,France,0,4.29,4.3,0,0,1.2,NA,NA,4.29,FRA,64706436,516555899,0.1252651186933788
2010,France,0,4.29,4.3,0,0,1.2,NA,NA,4.29,FRA,65026211,517886877,0.12556064632624395
2011,France,0,4.29,4.3,0,0,1.2,NA,NA,4.29,FRA,65340830,517857388,0.12617533613327536
2012,France,0,13.6,6.91,0,0,0,6.91,13.6,13.6,FRA,65657659,519116989,0.12647950344772863
2013,France,0,13.6,6.91,0,0,0,NA,NA,13.6,FRA,65997932,520057474,0.12690507357269515
2014,France,0,13.6,6.91,0,0,0,NA,NA,13.6,FRA,66312067,521194086,0.12723104267917576
2015,France,0,13.6,6.91,0,0,0,NA,NA,13.6,FRA,66548272,522683036,0.12732051246446038
2016,France,0,13.6,6.91,0,0,0,NA,NA,13.6,FRA,66724104,524226948,0.1272809500819481
2017,France,0,13.2,2.72,0,1.17,11.03,2.72,13.2,14.37,FRA,66918020,525359268,0.12737572947889825
2018,France,0,13.2,2.72,0,1.17,11.03,NA,NA,14.37,FRA,67158348,526797856,0.12748409515167047
2019,France,0,13.2,2.72,0,1.17,11.03,NA,NA,14.37,FRA,67382061,527825192,0.12765980483932643
2020,France,0,13.2,2.72,0,1.17,11.03,NA,NA,14.37,FRA,67601110,527999064,0.12803263226996933
2021,France,0,13.2,2.72,0,1.17,11.03,NA,NA,14.37,FRA,67842811,527696744,0.12856401289449684
2022,France,0,22.92,0,0,0,25.66,0,22.92,22.92,FRA,68184457,529422891,0.12879015652536263
2023,France,0,22.92,0,0,0,25.66,NA,NA,22.92,FRA,68372286,532183631,0.12847498873936616
2024,France,0,29.299999999999997,0,0,0.3,38.5,0,29.299999999999997,29.599999999999998,FRA,68551653,534418555,0.12827333998536036
2025,France,0,29.299999999999997,0,0,0.3,38.5,NA,NA,29.599999999999998,FRA,68551653,534418555,0.12827333998536036
2026,France,0,29.299999999999997,0,0,0.3,38.5,NA,NA,29.599999999999998,FRA,68551653,534418555,0.12827333998536036
1993,Germany,0,2.1,0,2.4,0,0,NA,NA,4.5,DEU,81156363,493577339,0.16442481570248912
1994,Germany,0,1.9,0,4.4,0,0,4.4,1.9,6.300000000000001,DEU,81438348,494866526,0.1645662895372317
1995,Germany,0,1.9,0,4.4,0,0,NA,NA,6.300000000000001,DEU,81678051,495896419,0.16470788630558753
1996,Germany,0,1.9,0,4.4,0,0,NA,NA,6.300000000000001,DEU,81914831,496794186,0.16488685517748794
1997,Germany,0,1.9,0,4.4,0,0,NA,NA,6.300000000000001,DEU,82034771,497629796,0.16485100301349317
1998,Germany,0,1.8,0,5.1,0,0,5.1,1.8,6.8999999999999995,DEU,82047195,498422758,0.16461366116031162
1999,Germany,0,1.8,0,5.1,0,0,NA,NA,6.8999999999999995,DEU,82100243,499391700,0.16440049564299927
2000,Germany,0,1.8,0,5.1,0,0,NA,NA,6.8999999999999995,DEU,82211508,500188098,0.16436118398003144
2001,Germany,0,1.8,0,5.1,0,0,NA,NA,6.8999999999999995,DEU,82349925,501057553,0.16435222761725338
2002,Germany,0,0.6,0,4,0,0,4,0.6,4.6,DEU,82488495,502405026,0.16418724083385264
2003,Germany,0,0.6,0,4,0,0,NA,NA,4.6,DEU,82534176,504353870,0.16364338792522798
2004,Germany,0,0.6,0,4,0,0,NA,NA,4.6,DEU,82516260,506454762,0.16292918181703264
2005,Germany,0,0,0,8.7,0,0,8.7,0,8.7,DEU,82469422,508547485,0.1621666106558368
2006,Germany,0,0,0,8.7,0,0,NA,NA,8.7,DEU,82376451,510559016,0.16134560044670723
2007,Germany,0,0,0,8.7,0,0,NA,NA,8.7,DEU,82266372,512690302,0.16046016801776758
2008,Germany,0,0,0,8.7,0,0,NA,NA,8.7,DEU,82110097,514811015,0.15949561024835493
2009,Germany,0,0,0,0,0,11.9,0,0,0,DEU,81902307,516555899,0.15855458655792062
2010,Germany,0,0,0,0,0,11.9,NA,NA,0,DEU,81776930,517886877,0.157905005189
2011,Germany,0,0,0,0,0,11.9,NA,NA,0,DEU,80274983,517857388,0.15501368689558986
2012,Germany,0,0,0,0,0,11.9,NA,NA,0,DEU,80425823,519116989,0.1549281273859446
2013,Germany,0,0,0,0,4.7,8.6,0,0,4.7,DEU,80645605,520057474,0.1550705624509494
2014,Germany,0,0,0,0,4.7,8.6,NA,NA,4.7,DEU,80982500,521194086,0.1553787776479106
2015,Germany,0,0,0,0,4.7,8.6,NA,NA,4.7,DEU,81686611,522683036,0.15628326418460614
2016,Germany,0,0,0,0,4.7,8.6,NA,NA,4.7,DEU,82348669,524226948,0.15708591348493592
2017,Germany,0,12.6,0,0,0,9.2,0,12.6,12.6,DEU,82657002,525359268,0.15733424160321466
2018,Germany,0,12.6,0,0,0,9.2,NA,NA,12.6,DEU,82905782,526797856,0.1573768401973147
2019,Germany,0,12.6,0,0,0,9.2,NA,NA,12.6,DEU,83092962,527825192,0.15742515374294602
2020,Germany,0,12.6,0,0,0,9.2,NA,NA,12.6,DEU,83160871,527999064,0.15750192882917685
2021,Germany,0,10.34,0,0,0,4.89,0,10.34,10.34,DEU,83196078,527696744,0.15765888068469872
2022,Germany,0,10.34,0,0,0,4.89,NA,NA,10.34,DEU,83177813,529422891,0.15711034489439937
2023,Germany,0,10.34,0,0,0,4.89,NA,NA,10.34,DEU,83287273,532183631,0.15650100481951879
2024,Germany,0,10.34,0,0,0,4.89,NA,NA,10.34,DEU,83516593,534418555,0.15627562370097722
2025,Germany,0,20.8,0,0,4.98,7.9,0,20.8,25.78,DEU,83516593,534418555,0.15627562370097722
2026,Germany,0,20.8,0,0,4.98,7.9,NA,NA,25.78,DEU,83516593,534418555,0.15627562370097722
1993,Greece,0,0,4.5,2.9,0,4.9,7.4,0,2.9,GRC,10460415,493577339,0.021193061701724518
1994,Greece,0,0,4.5,2.9,0,4.9,NA,NA,2.9,GRC,10512922,494866526,0.021243954576955968
1995,Greece,0,0,4.5,2.9,0,4.9,NA,NA,2.9,GRC,10562153,495896419,0.021299111256538435
1996,Greece,0,0,5.61,9.55,0,2.94,15.16,0,9.55,GRC,10608800,496794186,0.021354517220537682
1997,Greece,0,0,5.61,9.55,0,2.94,NA,NA,9.55,GRC,10661259,497629796,0.021424076865365193
1998,Greece,0,0,5.61,9.55,0,2.94,NA,NA,9.55,GRC,10720509,498422758,0.02150886737800203
1999,Greece,0,0,5.61,9.55,0,2.94,NA,NA,9.55,GRC,10761698,499391700,0.021549613259491496
2000,Greece,0,0,5.52,5.890000000000001,0,0,11.41,0,5.890000000000001,GRC,10805808,500188098,0.021603488853907116
2001,Greece,0,0,5.52,5.890000000000001,0,0,NA,NA,5.890000000000001,GRC,10862132,501057553,0.021678411861002323
2002,Greece,0,0,5.52,5.890000000000001,0,0,NA,NA,5.890000000000001,GRC,10902022,502405026,0.02169966747108139
2003,Greece,0,0,5.52,5.890000000000001,0,0,NA,NA,5.890000000000001,GRC,10928070,504353870,0.021667465345313996
2004,Greece,0,2.19,5.9,5.05,0,0,10.95,2.19,7.24,GRC,10955141,506454762,0.021631035626435674
2005,Greece,0,2.19,5.9,5.05,0,0,NA,NA,7.24,GRC,10987314,508547485,0.021605286279215402
2006,Greece,0,2.19,5.9,5.05,0,0,NA,NA,7.24,GRC,11020362,510559016,0.021584893527764087
2007,Greece,0,3.8,8.15,5.04,0,0,13.190000000000001,3.8,8.84,GRC,11048473,512690302,0.02154999413271523
2008,Greece,0,3.8,8.15,5.04,0,0,NA,NA,8.84,GRC,11077841,514811015,0.02151826724220343
2009,Greece,0,5.63,7.54,4.6,0,0,12.14,5.63,10.23,GRC,11107017,516555899,0.021502062064342044
2010,Greece,0,5.63,7.54,4.6,0,0,NA,NA,10.23,GRC,11121341,517886877,0.021474459952380683
2011,Greece,0,5.63,7.54,4.6,0,0,NA,NA,10.23,GRC,11104899,517857388,0.02144393274543763
2012,Greece,6.92,9.09,4.5,26.89,0,0,31.39,16.009999999999998,35.980000000000004,GRC,11045011,519116989,0.02127653541309934
2013,Greece,6.92,9.09,4.5,26.89,0,0,NA,NA,35.980000000000004,GRC,10965211,520057474,0.021084613813280185
2014,Greece,6.92,9.09,4.5,26.89,0,0,NA,NA,35.980000000000004,GRC,10892413,521194086,0.020898957399144394
2015,Greece,6.99,3.69,5.55,41.18,0,0,46.73,10.68,44.87,GRC,10820883,522683036,0.020702571644203888
2016,Greece,6.99,3.69,5.55,41.18,0,0,NA,NA,44.87,GRC,10775971,524226948,0.02055592723936046
2017,Greece,6.99,3.69,5.55,41.18,0,0,NA,NA,44.87,GRC,10754679,525359268,0.02047109407804337
2018,Greece,6.99,3.69,5.55,41.18,0,0,NA,NA,44.87,GRC,10732882,526797856,0.020373814885078043
2019,Greece,2.93,3.7,5.3,6.36,31.53,0,11.66,6.630000000000001,41.59,GRC,10721582,527825192,0.02031275157476758
2020,Greece,2.93,3.7,5.3,6.36,31.53,0,NA,NA,41.59,GRC,10698599,527999064,0.02026253402600729
2021,Greece,2.93,3.7,5.3,6.36,31.53,0,NA,NA,41.59,GRC,10569207,527696744,0.02002894109196929
2022,Greece,2.93,3.7,5.3,6.36,31.53,0,NA,NA,41.59,GRC,10436882,529422891,0.019713696134835243
2023,Greece,4.68,8.14,7.69,8.84,17.83,0,16.53,12.82,34.81,GRC,10407351,532183631,0.01955593970533077
2024,Greece,4.68,8.14,7.69,8.84,17.83,0,NA,NA,34.81,GRC,10405134,534418555,0.019470008858506044
2025,Greece,4.68,8.14,7.69,8.84,17.83,0,NA,NA,34.81,GRC,10405134,534418555,0.019470008858506044
2026,Greece,4.68,8.14,7.69,8.84,17.83,0,NA,NA,34.81,GRC,10405134,534418555,0.019470008858506044
1993,Hungary,0,0,3.7,0,11.7,9,NA,NA,11.7,HUN,10357523,493577339,0.02098459994331304
1994,Hungary,0,1.6,3.2,0,8.8,7,3.2,1.6,10.4,HUN,10343355,494866526,0.02090130258679085
1995,Hungary,0,1.6,3.2,0,8.8,7,NA,NA,10.4,HUN,10328965,495896419,0.02082887595927568
1996,Hungary,0,1.6,3.2,0,8.8,7,NA,NA,10.4,HUN,10311238,496794186,0.020755552884026706
1997,Hungary,0,1.6,3.2,0,8.8,7,NA,NA,10.4,HUN,10290486,497629796,0.02067899889177858
1998,Hungary,0,5.5,4,0,13.1,29.5,4,5.5,18.6,HUN,10266570,498422758,0.020598116428704485
1999,Hungary,0,5.5,4,0,13.1,29.5,NA,NA,18.6,HUN,10237530,499391700,0.020500000300365424
2000,Hungary,0,5.5,4,0,13.1,29.5,NA,NA,18.6,HUN,10210971,500188098,0.020414262236203788
2001,Hungary,0,5.5,4,0,13.1,29.5,NA,NA,18.6,HUN,10187576,501057553,0.020332147353140487
2002,Hungary,0,4.37,2.16,0,41.07,0,2.16,4.37,45.44,HUN,10158608,502405026,0.020219956955605776
2003,Hungary,0,4.37,2.16,0,41.07,0,NA,NA,45.44,HUN,10129552,504353870,0.0200842158700993
2004,Hungary,0,4.37,2.16,0,41.07,0,NA,NA,45.44,HUN,10107146,506454762,0.01995666100578594
2005,Hungary,0,4.37,2.16,0,41.07,0,NA,NA,45.44,HUN,10087065,508547485,0.01983505040832126
2006,Hungary,0,2.2,0,0,42,0,0,2.2,44.2,HUN,10071370,510559016,0.01972616227386336
2007,Hungary,0,2.2,0,0,42,0,NA,NA,44.2,HUN,10055780,512690302,0.019613751149129402
2008,Hungary,0,2.2,0,0,42,0,NA,NA,44.2,HUN,10038188,514811015,0.019498782480402054
2009,Hungary,0,2.2,0,0,42,0,NA,NA,44.2,HUN,10022650,516555899,0.019402837174839812
2010,Hungary,0,69.4,0,0,0,0,0,69.4,69.4,HUN,10000023,517886877,0.01930928054776719
2011,Hungary,0,69.4,0,0,0,0,NA,NA,69.4,HUN,9971727,517857388,0.019255739574386452
2012,Hungary,0,69.4,0,0,0,0,NA,NA,69.4,HUN,9920362,519116989,0.019110070003892705
2013,Hungary,0,69.4,0,0,0,0,NA,NA,69.4,HUN,9872734,520057474,0.018983928687851145
2014,Hungary,0,65.09,0.56,0,0,0,0.56,65.09,65.09,HUN,9833038,521194086,0.018866365264167635
2015,Hungary,0,65.09,0.56,0,0,0,NA,NA,65.09,HUN,9797755,522683036,0.018745117643343603
2016,Hungary,0,65.09,0.56,0,0,0,NA,NA,65.09,HUN,9759755,524226948,0.018617423307281028
2017,Hungary,0,65.09,0.56,0,0,0,NA,NA,65.09,HUN,9726756,525359268,0.018514484453712923
2018,Hungary,0,68.34,0,0,0,0,0,68.34,68.34,HUN,9706964,526797856,0.018426354415535053
2019,Hungary,0,68.34,0,0,0,0,NA,NA,68.34,HUN,9694824,527825192,0.01836749012161587
2020,Hungary,0,68.34,0,0,0,0,NA,NA,68.34,HUN,9670419,527999064,0.018315219967889942
2021,Hungary,0,68.34,0,0,0,0,NA,NA,68.34,HUN,9630932,527696744,0.018250883882656666
2022,Hungary,5.88,54.13,0,0,0,0,0,60.010000000000005,54.13,HUN,9605074,529422891,0.01814253626596588
2023,Hungary,5.88,54.13,0,0,0,0,NA,NA,54.13,HUN,9592186,532183631,0.018024203378776978
2024,Hungary,5.88,54.13,0,0,0,0,NA,NA,54.13,HUN,9562065,534418555,0.01789246445606665
2025,Hungary,5.88,54.13,0,0,0,0,NA,NA,54.13,HUN,9562065,534418555,0.01789246445606665
2026,Hungary,5.63,38.61,0,0,0,0,0,44.24,38.61,HUN,9562065,534418555,0.01789246445606665
1993,Iceland,0,0,0,0,0,18.9,NA,NA,0,ISL,263725,493577339,5.343134280319948e-4
1994,Iceland,0,0,0,0,0,18.9,NA,NA,0,ISL,266021,494866526,5.375611119835574e-4
1995,Iceland,0,0,0,0,0,23.3,0,0,0,ISL,267468,495896419,5.393626365347881e-4
1996,Iceland,0,0,0,0,0,23.3,NA,NA,0,ISL,268916,496794186,5.413026311060733e-4
1997,Iceland,0,0,0,0,0,23.3,NA,NA,0,ISL,271128,497629796,5.448387580071672e-4
1998,Iceland,0,0,0,0,0,23.3,NA,NA,0,ISL,274047,498422758,5.498284249693109e-4
1999,Iceland,0,0,0,0,0,18.4,0,0,0,ISL,277381,499391700,5.554377455612498e-4
2000,Iceland,0,0,0,0,0,18.4,NA,NA,0,ISL,281205,500188098,5.621985031719007e-4
2001,Iceland,0,0,0,0,0,18.4,NA,NA,0,ISL,284968,501057553,5.687330692727827e-4
2002,Iceland,0,0,0,0,0,18.4,NA,NA,0,ISL,287523,502405026,5.722932397575179e-4
2003,Iceland,0,0,0,0,0,17.7,0,0,0,ISL,289521,504353870,5.740433795025703e-4
2004,Iceland,0,0,0,0,0,17.7,NA,NA,0,ISL,292074,506454762,5.767030382863692e-4
2005,Iceland,0,0,0,0,0,17.7,NA,NA,0,ISL,296734,508547485,5.834932012297731e-4
2006,Iceland,0,0,0,0,0,17.7,NA,NA,0,ISL,303782,510559016,5.949987963781252e-4
2007,Iceland,0,0,0,0,0,11.7,0,0,0,ISL,311566,512690302,6.077080038077256e-4
2008,Iceland,0,0,0,0,0,11.7,NA,NA,0,ISL,317414,514811015,6.165641191651659e-4
2009,Iceland,0,0,0,0,7.2,14.8,0,0,7.2,ISL,318499,516555899,6.165818658088734e-4
2010,Iceland,0,0,0,0,7.2,14.8,NA,NA,7.2,ISL,318041,517886877,6.141128770096254e-4
2011,Iceland,0,0,0,0,7.2,14.8,NA,NA,7.2,ISL,319014,517857388,6.160267428684439e-4
2012,Iceland,0,0,0,0,7.2,14.8,NA,NA,7.2,ISL,320716,519116989,6.178106415238127e-4
2013,Iceland,0,0,0,0,0,24.43,0,0,0,ISL,323764,520057474,6.225542679153958e-4
2014,Iceland,0,0,0,0,0,24.43,NA,NA,0,ISL,327386,521194086,6.281460377123312e-4
2015,Iceland,0,0,0,0,0,24.43,NA,NA,0,ISL,330815,522683036,6.329170399936224e-4
2016,Iceland,0,0,0,0,3.44,11.16,0,0,3.44,ISL,335439,524226948,6.398736296936799e-4
2017,Iceland,0,0,0,0,17.8,10.7,0,0,17.8,ISL,343400,525359268,6.536479337412203e-4
2018,Iceland,0,0,0,0,17.8,10.7,NA,NA,17.8,ISL,352721,526797856,6.695566354013408e-4
2019,Iceland,0,0,0,0,17.8,10.7,NA,NA,17.8,ISL,360563,527825192,6.831106310666581e-4
2020,Iceland,0,0,0,0,17.8,10.7,NA,NA,17.8,ISL,366463,527999064,6.940599425002011e-4
2021,Iceland,0,0,0,4.1,14.200000000000001,17.3,4.1,0,18.3,ISL,372520,527696744,7.059357561622552e-4
2022,Iceland,0,0,0,4.1,14.200000000000001,17.3,NA,NA,18.3,ISL,382003,529422891,7.215460579697526e-4
2023,Iceland,0,0,0,4.1,14.200000000000001,17.3,NA,NA,18.3,ISL,385663,532183631,7.246803124615458e-4
2024,Iceland,0,0,0,4,25.9,7.8,4,0,29.9,ISL,386506,534418555,7.232271342075688e-4
2025,Iceland,0,0,0,4,25.9,7.8,NA,NA,29.9,ISL,386506,534418555,7.232271342075688e-4
2026,Iceland,0,0,0,4,25.9,7.8,NA,NA,29.9,ISL,386506,534418555,7.232271342075688e-4
1993,Ireland,0,0,0,0,1.61,0,NA,NA,1.61,IRL,3576261,493577339,0.007245593987855265
1994,Ireland,0,0,0,0,1.61,0,NA,NA,1.61,IRL,3590386,494866526,0.007255261391432242
1995,Ireland,0,0,0,0,1.61,0,NA,NA,1.61,IRL,3608841,495896419,0.0072774088735655905
1996,Ireland,0,0,0,0,1.61,0,NA,NA,1.61,IRL,3637510,496794186,0.007321965720428137
1997,Ireland,0,0,0.7,0,2.55,0,0.7,0,2.55,IRL,3674171,497629796,0.007383342053738277
1998,Ireland,0,0,0.7,0,2.55,0,NA,NA,2.55,IRL,3712696,498422758,0.0074488894024377595
1999,Ireland,0,0,0.7,0,2.55,0,NA,NA,2.55,IRL,3754786,499391700,0.0075187192738685885
2000,Ireland,0,0,0.7,0,2.55,0,NA,NA,2.55,IRL,3805174,500188098,0.007607486094161321
2001,Ireland,0,0,0.7,0,2.55,0,NA,NA,2.55,IRL,3866243,501057553,0.0077161654920707284
2002,Ireland,0,0,0.8,0,6.51,0,0.8,0,6.51,IRL,3931947,502405026,0.007826249333739746
2003,Ireland,0,0,0.8,0,6.51,0,NA,NA,6.51,IRL,3996521,504353870,0.007924041506809495
2004,Ireland,0,0,0.8,0,6.51,0,NA,NA,6.51,IRL,4070262,506454762,0.008036773084976936
2005,Ireland,0,0,0.8,0,6.51,0,NA,NA,6.51,IRL,4159914,508547485,0.008179991294224963
2006,Ireland,0,0,0.8,0,6.51,0,NA,NA,6.51,IRL,4273591,510559016,0.008370415301803229
2007,Ireland,0,0,0.64,0,6.94,0,0.64,0,6.94,IRL,4398942,512690302,0.00858011548656132
2008,Ireland,0,0,0.64,0,6.94,0,NA,NA,6.94,IRL,4489544,514811015,0.008720761345792106
2009,Ireland,0,0,0.64,0,6.94,0,NA,NA,6.94,IRL,4535375,516555899,0.008780027502889866
2010,Ireland,0,0,0.64,0,6.94,0,NA,NA,6.94,IRL,4560155,517886877,0.008805310971415096
2011,Ireland,0,0,1.21,0,9.94,0,1.21,0,9.94,IRL,4580084,517857388,0.008844295951224317
2012,Ireland,0,0,1.21,0,9.94,0,NA,NA,9.94,IRL,4599533,519116989,0.008860301430050095
2013,Ireland,0,0,1.21,0,9.94,0,NA,NA,9.94,IRL,4623816,520057474,0.008890971154468977
2014,Ireland,0,0,1.21,0,9.94,0,NA,NA,9.94,IRL,4657740,521194086,0.008936670858540786
2015,Ireland,0,0,1.21,0,9.94,0,NA,NA,9.94,IRL,4701957,522683036,0.008995809460324631
2016,Ireland,0,0,3.95,0,13.85,0,3.95,0,13.85,IRL,4762722,524226948,0.009085229246932952
2017,Ireland,0,0,3.95,0,13.85,0,NA,NA,13.85,IRL,4827445,525359268,0.009188845222770487
2018,Ireland,0,0,3.95,0,13.85,0,NA,NA,13.85,IRL,4898022,526797856,0.009297725767509578
2019,Ireland,0,0,3.95,0,13.85,0,NA,NA,13.85,IRL,4976456,527825192,0.009428227518174237
2020,Ireland,0,0,0,0,24.53,0,0,0,24.53,IRL,5039747,527999064,0.009544992299456045
2021,Ireland,0,0,0,0,24.53,0,NA,NA,24.53,IRL,5110585,527696744,0.009684700650720711
2022,Ireland,0,0,0,0,24.53,0,NA,NA,24.53,IRL,5212836,529422891,0.009846261067695315
2023,Ireland,0,0,0,0,24.53,0,NA,NA,24.53,IRL,5311538,532183631,0.009980648953857058
2024,Ireland,0,0,0,0,22.6,0,0,0,22.6,IRL,5395790,534418555,0.010096561860581357
2025,Ireland,0,0,0,0,22.6,0,NA,NA,22.6,IRL,5395790,534418555,0.010096561860581357
2026,Ireland,0,0,0,0,22.6,0,NA,NA,22.6,IRL,5395790,534418555,0.010096561860581357
1993,Italy,5.4,8.7,5.6,0,1.9,0,NA,NA,10.6,ITA,56831821,493577339,0.11514268688903483
1994,Italy,0,0.2,0,0,0,46.4,0,0.2,0.2,ITA,56843400,494866526,0.11486612452748522
1995,Italy,0,0.2,0,0,0,46.4,NA,NA,0.2,ITA,56844303,495896419,0.11462938795692332
1996,Italy,0,10.290000000000001,8.57,0,0,42.1,8.57,10.290000000000001,10.290000000000001,ITA,56860281,496794186,0.11445440104244699
1997,Italy,0,10.290000000000001,8.57,0,0,42.1,NA,NA,10.290000000000001,ITA,56890372,497629796,0.1143226801475529
1998,Italy,0,10.290000000000001,8.57,0,0,42.1,NA,NA,10.290000000000001,ITA,56906744,498422758,0.11417364694250177
1999,Italy,0,10.290000000000001,8.57,0,0,42.1,NA,NA,10.290000000000001,ITA,56916317,499391700,0.1139712914732063
2000,Italy,0,10.290000000000001,8.57,0,0,42.1,NA,NA,10.290000000000001,ITA,56942108,500188098,0.1138413893247016
2001,Italy,12.02,3.94,6.7,0,33.44,0,6.7,15.959999999999999,37.379999999999995,ITA,56976981,501057553,0.11371344600806765
2002,Italy,12.02,3.94,6.7,0,33.44,0,NA,NA,37.379999999999995,ITA,57089824,502405026,0.11363306703862473
2003,Italy,12.02,3.94,6.7,0,33.44,0,NA,NA,37.379999999999995,ITA,57399184,504353870,0.11380736307228098
2004,Italy,12.02,3.94,6.7,0,33.44,0,NA,NA,37.379999999999995,ITA,57828179,506454762,0.11418231861743261
2005,Italy,12.02,3.94,6.7,0,33.44,0,NA,NA,37.379999999999995,ITA,58166682,508547485,0.11437807425200422
2006,Italy,12.01,4.51,7.94,0,25.91,0,7.94,16.52,30.42,ITA,58399861,510559016,0.1143841537801773
2007,Italy,12.01,4.51,7.94,0,25.91,0,NA,NA,30.42,ITA,58756247,512690302,0.11460378082205269
2008,Italy,2.46,8.29,3.16,0,42.709999999999994,0,3.16,10.75,50.99999999999999,ITA,59211181,514811015,0.11501537316562661
2009,Italy,2.46,8.29,3.16,0,42.709999999999994,0,NA,NA,50.99999999999999,ITA,59555454,516555899,0.11529333827237931
2010,Italy,2.46,8.29,3.16,0,42.709999999999994,0,NA,NA,50.99999999999999,ITA,59819407,517886877,0.11550670553098413
2011,Italy,2.46,8.29,3.16,0,42.709999999999994,0,NA,NA,50.99999999999999,ITA,60026841,517857388,0.11591384499085297
2012,Italy,2.46,8.29,3.16,0,42.709999999999994,0,NA,NA,50.99999999999999,ITA,60191247,519116989,0.11594929134557759
2013,Italy,0,6.069999999999999,5.55,0,47.87,0,5.55,6.069999999999999,53.94,ITA,60311613,520057474,0.11597105323016664
2014,Italy,0,6.069999999999999,5.55,0,47.87,0,NA,NA,53.94,ITA,60320707,521194086,0.11573559374578168
2015,Italy,0,6.069999999999999,5.55,0,47.87,0,NA,NA,53.94,ITA,60229605,522683036,0.11523160472344084
2016,Italy,0,6.069999999999999,5.55,0,47.87,0,NA,NA,53.94,ITA,60115223,524226948,0.11467404189988341
2017,Italy,0,6.069999999999999,5.55,0,47.87,0,NA,NA,53.94,ITA,60002252,525359268,0.11421184635882355
2018,Italy,0,21.740000000000002,4.52,0,33.87,14,4.52,21.740000000000002,55.61,ITA,60148658,526797856,0.11417787167303885
2019,Italy,0,21.740000000000002,4.52,0,33.87,14,NA,NA,55.61,ITA,59729081,527825192,0.11316072424220328
2020,Italy,0,21.740000000000002,4.52,0,33.87,14,NA,NA,55.61,ITA,59438851,527999064,0.11257378100200571
2021,Italy,0,21.740000000000002,4.52,0,33.87,14,NA,NA,55.61,ITA,59133173,527696744,0.11205900675407617
2022,Italy,0,34.769999999999996,1.43,0,15.43,8.11,1.43,34.769999999999996,50.199999999999996,ITA,59013667,529422891,0.11146791724198415
2023,Italy,0,34.769999999999996,1.43,0,15.43,8.11,NA,NA,50.199999999999996,ITA,58984216,532183631,0.1108343296639276
2024,Italy,0,34.769999999999996,1.43,0,15.43,8.11,NA,NA,50.199999999999996,ITA,58952704,534418555,0.11031185846456996
2025,Italy,0,34.769999999999996,1.43,0,15.43,8.11,NA,NA,50.199999999999996,ITA,58952704,534418555,0.11031185846456996
2026,Italy,0,34.769999999999996,1.43,0,15.43,8.11,NA,NA,50.199999999999996,ITA,58952704,534418555,0.11031185846456996
1993,Latvia,0,5.35,0,0,0,0,0,5.35,5.35,LVA,2563290,493577339,0.005193289475552685
1994,Latvia,0,5.35,0,0,0,0,NA,NA,5.35,LVA,2520742,494866526,0.0050937815907152306
1995,Latvia,0,26.84,12.73,0,0,0,12.73,26.84,26.84,LVA,2485056,495896419,0.005011240058984979
1996,Latvia,0,26.84,12.73,0,0,0,NA,NA,26.84,LVA,2457222,496794186,0.0049461569181890545
1997,Latvia,0,26.84,12.73,0,0,0,NA,NA,26.84,LVA,2432851,497629796,0.004888877272935643
1998,Latvia,14.65,1.73,0,0,0,0,0,16.38,1.73,LVA,2410019,498422758,0.0048352908476141454
1999,Latvia,14.65,1.73,0,0,0,0,NA,NA,1.73,LVA,2390482,499391700,0.004786787605801218
2000,Latvia,14.65,1.73,0,0,0,0,NA,NA,1.73,LVA,2367550,500188098,0.004733319344195991
2001,Latvia,14.65,1.73,0,0,0,0,NA,NA,1.73,LVA,2337170,501057553,0.004664474142753817
2002,Latvia,5.4,0,0,0,23.9,0,0,5.4,23.9,LVA,2310173,502405026,0.004598228282851613
2003,Latvia,5.4,0,0,0,23.9,0,NA,NA,23.9,LVA,2287955,504353870,0.004536408137405588
2004,Latvia,5.4,0,0,0,23.9,0,NA,NA,23.9,LVA,2263122,506454762,0.004468557055447333
2005,Latvia,5.4,0,0,0,23.9,0,NA,NA,23.9,LVA,2238799,508547485,0.004402340127589069
2006,Latvia,6.94,0,0,0,16.38,0,0,6.94,16.38,LVA,2218357,510559016,0.0043449570578144485
2007,Latvia,6.94,0,0,0,16.38,0,NA,NA,16.38,LVA,2200325,512690302,0.004291723466226205
2008,Latvia,6.94,0,0,0,16.38,0,NA,NA,16.38,LVA,2177322,514811015,0.004229361720242136
2009,Latvia,6.94,0,0,0,16.38,0,NA,NA,16.38,LVA,2141669,516555899,0.004146054675101097
2010,Latvia,7.84,0,0,0,0,0,0,7.84,0,LVA,2097555,517886877,0.004050218480434676
2011,Latvia,13.88,0,0,0,20.83,0,0,13.88,20.83,LVA,2059709,517857388,0.003977367220644924
2012,Latvia,13.88,0,0,0,20.83,0,NA,NA,20.83,LVA,2034319,519116989,0.003918806440757807
2013,Latvia,13.88,0,0,0,20.83,0,NA,NA,20.83,LVA,2012647,520057474,0.003870047255584678
2014,Latvia,16.61,0,0,0,0,0,0,16.61,0,LVA,1993782,521194086,0.0038254117871936097
2015,Latvia,16.61,0,0,0,0,0,NA,NA,0,LVA,1977527,522683036,0.00378341530869963
2016,Latvia,16.61,0,0,0,0,0,NA,NA,0,LVA,1959537,524226948,0.003737955493276168
2017,Latvia,16.61,0,0,0,0,0,NA,NA,0,LVA,1942248,525359268,0.003696990075751362
2018,Latvia,11.08,0,0,0,14.33,0,0,11.08,14.33,LVA,1927174,526797856,0.0036582798848748543
2019,Latvia,11.08,0,0,0,14.33,0,NA,NA,14.33,LVA,1913822,527825192,0.003625863314231504
2020,Latvia,11.08,0,0,0,14.33,0,NA,NA,14.33,LVA,1900449,527999064,0.0035993416079237593
2021,Latvia,11.08,0,0,0,14.33,0,NA,NA,14.33,LVA,1884490,527696744,0.0035711609393595197
2022,Latvia,9.29,0,0,0,19.950000000000003,0,0,9.29,19.950000000000003,LVA,1879383,529422891,0.00354987106139315
2023,Latvia,9.29,0,0,0,19.950000000000003,0,NA,NA,19.950000000000003,LVA,1883710,532183631,0.0035395865078758876
2024,Latvia,9.29,0,0,0,19.950000000000003,0,NA,NA,19.950000000000003,LVA,1866124,534418555,0.003491877260885899
2025,Latvia,9.29,0,0,0,19.950000000000003,0,NA,NA,19.950000000000003,LVA,1866124,534418555,0.003491877260885899
2026,Latvia,9.29,0,0,0,19.950000000000003,0,NA,NA,19.950000000000003,LVA,1866124,534418555,0.003491877260885899
1993,Lithuania,5.54,0,0,0,0,0,NA,NA,0,LTU,3682613,493577339,0.0074610657925687305
1994,Lithuania,5.54,0,0,0,0,0,NA,NA,0,LTU,3657144,494866526,0.0073901624132079605
1995,Lithuania,5.54,0,0,0,0,0,NA,NA,0,LTU,3629102,495896419,0.007318266196231596
1996,Lithuania,4.01,0,0,0,0,0,0,4.01,0,LTU,3601613,496794186,0.007249708433584607
1997,Lithuania,4.01,0,0,0,0,0,NA,NA,0,LTU,3575137,497629796,0.007184330658528333
1998,Lithuania,4.01,0,0,0,0,0,NA,NA,0,LTU,3549331,498422758,0.007121125476377224
1999,Lithuania,4.01,0,0,0,0,0,NA,NA,0,LTU,3524238,499391700,0.007057061621168314
2000,Lithuania,1.15,0,0,0,0,0,0,1.15,0,LTU,3499536,500188098,0.006996439967270073
2001,Lithuania,1.15,0,0,0,0,0,NA,NA,0,LTU,3470818,501057553,0.006926984693113687
2002,Lithuania,1.15,0,0,0,0,0,NA,NA,0,LTU,3443067,502405026,0.006853169896433321
2003,Lithuania,1.15,0,0,0,0,0,NA,NA,0,LTU,3415213,504353870,0.006771461870610808
2004,Lithuania,0,0,0,0,39.8,0,0,0,39.8,LTU,3377075,506454762,0.006668068410816917
2005,Lithuania,0,0,0,0,39.8,0,NA,NA,39.8,LTU,3322528,508547485,0.006533368265502286
2006,Lithuania,0,0,0,0,39.8,0,NA,NA,39.8,LTU,3269909,510559016,0.006404566166744571
2007,Lithuania,0,0,0,0,39.8,0,NA,NA,39.8,LTU,3231294,512690302,0.006302623606092709
2008,Lithuania,1.75,0,0,0,27.77,8.99,0,1.75,27.77,LTU,3198231,514811015,0.006212437004674424
2009,Lithuania,1.75,0,0,0,27.77,8.99,NA,NA,27.77,LTU,3162916,516555899,0.006123085625627518
2010,Lithuania,1.75,0,0,0,27.77,8.99,NA,NA,27.77,LTU,3097282,517886877,0.005980614951940556
2011,Lithuania,1.75,0,0,0,27.77,8.99,NA,NA,27.77,LTU,3028115,517857388,0.005847391714724363
2012,Lithuania,0,0,0,0,15.3,19.82,0,0,15.3,LTU,2989139,519116989,0.005758122086811534
2013,Lithuania,0,0,0,0,15.3,19.82,NA,NA,15.3,LTU,2961250,520057474,0.005694082189077433
2014,Lithuania,0,0,0,0,15.3,19.82,NA,NA,15.3,LTU,2937253,521194086,0.005635622273733935
2015,Lithuania,0,0,0,0,15.3,19.82,NA,NA,15.3,LTU,2911109,522683036,0.0055695494200045164
2016,Lithuania,2.23,0,0,0,11.870000000000001,4.88,0,2.23,11.870000000000001,LTU,2877325,524226948,0.00548870105014136
2017,Lithuania,2.23,0,0,0,11.870000000000001,4.88,NA,NA,11.870000000000001,LTU,2842639,525359268,0.00541084772487539
2018,Lithuania,2.23,0,0,0,11.870000000000001,4.88,NA,NA,11.870000000000001,LTU,2819200,526797856,0.005351578348109298
2019,Lithuania,2.23,0,0,0,11.870000000000001,4.88,NA,NA,11.870000000000001,LTU,2811089,527825192,0.005325795438729268
2020,Lithuania,2.06,0,0,0,3.54,9.77,0,2.06,3.54,LTU,2810369,527999064,0.005322677996262509
2021,Lithuania,2.06,0,0,0,3.54,9.77,NA,NA,3.54,LTU,2808380,527696744,0.005321958173765044
2022,Lithuania,2.06,0,0,0,3.54,9.77,NA,NA,3.54,LTU,2831639,529422891,0.00534853903776518
2023,Lithuania,2.06,0,0,0,3.54,9.77,NA,NA,3.54,LTU,2871585,532183631,0.005395853672921405
2024,Lithuania,0,15,0,0,1.4,5.1,0,15,16.4,LTU,2888278,534418555,0.0054045241748763755
2025,Lithuania,0,15,0,0,1.4,5.1,NA,NA,16.4,LTU,2888278,534418555,0.0054045241748763755
2026,Lithuania,0,15,0,0,1.4,5.1,NA,NA,16.4,LTU,2888278,534418555,0.0054045241748763755
1993,Luxembourg,2.66,0,5.1,0,7.29,0,NA,NA,7.29,LUX,397475,493577339,8.052942641274705e-4
1994,Luxembourg,2.76,0,1.92,0,8.16,0,1.92,2.76,8.16,LUX,402925,494866526,8.142094460436389e-4
1995,Luxembourg,2.76,0,1.92,0,8.16,0,NA,NA,8.16,LUX,408625,495896419,8.240128065937899e-4
1996,Luxembourg,2.76,0,1.92,0,8.16,0,NA,NA,8.16,LUX,414225,496794186,8.337959897139376e-4
1997,Luxembourg,2.76,0,1.92,0,8.16,0,NA,NA,8.16,LUX,419450,497629796,8.428956693742671e-4
1998,Luxembourg,2.76,0,1.92,0,8.16,0,NA,NA,8.16,LUX,424700,498422758,8.520878976396981e-4
1999,Luxembourg,0,0,3.76,0,10.36,0,3.76,0,10.36,LUX,430475,499391700,8.619987076276998e-4
2000,Luxembourg,0,0,3.76,0,10.36,0,NA,NA,10.36,LUX,436300,500188098,8.722718548173051e-4
2001,Luxembourg,0,0,3.76,0,10.36,0,NA,NA,10.36,LUX,441525,501057553,8.811861977859458e-4
2002,Luxembourg,0,0,3.76,0,10.36,0,NA,NA,10.36,LUX,446175,502405026,8.880782972103468e-4
2003,Luxembourg,0,0,3.76,0,10.36,0,NA,NA,10.36,LUX,451630,504353870,8.954625449785882e-4
2004,Luxembourg,0,0,3.1599999999999997,0,9.04,0,3.1599999999999997,0,9.04,LUX,458095,506454762,9.04513165580621e-4
2005,Luxembourg,0,0,3.1599999999999997,0,9.04,0,NA,NA,9.04,LUX,465158,508547485,9.146795800199464e-4
2006,Luxembourg,0,0,3.1599999999999997,0,9.04,0,NA,NA,9.04,LUX,472637,510559016,9.257245199642112e-4
2007,Luxembourg,0,0,3.1599999999999997,0,9.04,0,NA,NA,9.04,LUX,479993,512690302,9.362240676828718e-4
2008,Luxembourg,0,0,3.1599999999999997,0,9.04,0,NA,NA,9.04,LUX,488650,514811015,9.491832648530257e-4
2009,Luxembourg,0,0,4.76,0,8.13,0,4.76,0,8.13,LUX,497783,516555899,9.636575653548e-4
2010,Luxembourg,0,0,4.76,0,8.13,0,NA,NA,8.13,LUX,506953,517886877,9.78887518711929e-4
2011,Luxembourg,0,0,4.76,0,8.13,0,NA,NA,8.13,LUX,518347,517857388,0.0010009454572076125
2012,Luxembourg,0,0,4.76,0,8.13,0,NA,NA,8.13,LUX,530946,519116989,0.0010227867922850816
2013,Luxembourg,0,0,6.58,0,6.64,0,6.58,0,6.64,LUX,543360,520057474,0.001044807597554112
2014,Luxembourg,0,0,6.58,0,6.64,0,NA,NA,6.64,LUX,556319,521194086,0.0010673931553398324
2015,Luxembourg,0,0,6.58,0,6.64,0,NA,NA,6.64,LUX,569604,522683036,0.0010897694410728876
2016,Luxembourg,0,0,6.58,0,6.64,0,NA,NA,6.64,LUX,582014,524226948,0.001110232890965384
2017,Luxembourg,0,0,6.58,0,6.64,0,NA,NA,6.64,LUX,596336,525359268,0.0011351013227009444
2018,Luxembourg,0,0,5.79,0,8.02,0,5.79,0,8.02,LUX,607950,526797856,0.0011540479769910073
2019,Luxembourg,0,0,5.79,0,8.02,0,NA,NA,8.02,LUX,620001,527825192,0.0011746332107619448
2020,Luxembourg,0,0,5.79,0,8.02,0,NA,NA,8.02,LUX,630419,527999064,0.0011939774953843478
2021,Luxembourg,0,0,5.79,0,8.02,0,NA,NA,8.02,LUX,640064,527696744,0.0012129390739617676
2022,Luxembourg,0,0,5.79,0,8.02,0,NA,NA,8.02,LUX,653103,529422891,0.001233613073976433
2023,Luxembourg,0,0,3.9,0,9.3,0,3.9,0,9.3,LUX,666430,532183631,0.001252255727497188
2024,Luxembourg,0,0,3.9,0,9.3,0,NA,NA,9.3,LUX,677012,534418555,0.001266819786973901
2025,Luxembourg,0,0,3.9,0,9.3,0,NA,NA,9.3,LUX,677012,534418555,0.001266819786973901
2026,Luxembourg,0,0,3.9,0,9.3,0,NA,NA,9.3,LUX,677012,534418555,0.001266819786973901
1993,Malta,0,0,0,0,0,0,NA,NA,0,MLT,371308,493577339,7.522792694500102e-4
1994,Malta,0,0,0,0,0,0,NA,NA,0,MLT,374797,494866526,7.573698771454184e-4
1995,Malta,0,0,0,0,0,0,NA,NA,0,MLT,377419,495896419,7.61084342494516e-4
1996,Malta,0,0,0,0,0,0,0,0,0,MLT,379905,496794186,7.647130556395038e-4
1997,Malta,0,0,0,0,0,0,NA,NA,0,MLT,382791,497629796,7.69228456730111e-4
1998,Malta,0,0,0,0,0,0,0,0,0,MLT,385287,498422758,7.730124554224308e-4
1999,Malta,0,0,0,0,0,0,NA,NA,0,MLT,387578,499391700,7.761002035075874e-4
2000,Malta,0,0,0,0,0,0,NA,NA,0,MLT,390087,500188098,7.798806120332756e-4
2001,Malta,0,0,0,0,0,0,NA,NA,0,MLT,393028,501057553,7.843969173736814e-4
2002,Malta,0,0,0,0,0,0,NA,NA,0,MLT,395969,502405026,7.881469720806496e-4
2003,Malta,0,0,0,0,0,0,0,0,0,MLT,398582,504353870,7.90282426106892e-4
2004,Malta,0,0,0,0,0,0,NA,NA,0,MLT,401268,506454762,7.923076849260626e-4
2005,Malta,0,0,0,0,0,0,NA,NA,0,MLT,403834,508547485,7.940930039207646e-4
2006,Malta,0,0,0,0,0,0,NA,NA,0,MLT,405308,510559016,7.938514203028e-4
2007,Malta,0,0,0,0,0,0,NA,NA,0,MLT,406724,512690302,7.933132310351367e-4
2008,Malta,0,0,0,0,0,0,0,0,0,MLT,409379,514811015,7.952024880431123e-4
2009,Malta,0,0,0,0,0,0,NA,NA,0,MLT,412477,516555899,7.98513773240251e-4
2010,Malta,0,0,0,0,0,0,NA,NA,0,MLT,414508,517886877,8.003832852478322e-4
2011,Malta,0,0,0,0,0,0,NA,NA,0,MLT,416268,517857388,8.038274815536666e-4
2012,Malta,0,0,0,0,0,0,NA,NA,0,MLT,420028,519116989,8.091201191645069e-4
2013,Malta,0,0,0,0,0,0,0,0,0,MLT,424810,520057474,8.168520235515354e-4
2014,Malta,0,0,0,0,0,0,NA,NA,0,MLT,433481,521194086,8.317074418991009e-4
2015,Malta,0,0,0,0,0,0,NA,NA,0,MLT,444220,522683036,8.498840968697519e-4
2016,Malta,0,0,0,0,0,0,NA,NA,0,MLT,454505,524226948,8.670004503469364e-4
2017,Malta,0,0,0,0,0,0,0,0,0,MLT,467106,525359268,8.891172735530765e-4
2018,Malta,0,0,0,0,0,0,NA,NA,0,MLT,483903,526797856,9.185743534992671e-4
2019,Malta,0,0,0,0,0,0,NA,NA,0,MLT,503912,527825192,9.546948642042079e-4
2020,Malta,0,0,0,0,0,0,NA,NA,0,MLT,515490,527999064,9.763085489106094e-4
2021,Malta,0,0,0,0,0,0,NA,NA,0,MLT,518150,527696744,9.819086547177937e-4
2022,Malta,0,0,0,0,0,0,0,0,0,MLT,531113,529422891,0.0010031923610193878
2023,Malta,0,0,0,0,0,0,NA,NA,0,MLT,552747,532183631,0.0010386396119725825
2024,Malta,0,0,0,0,0,0,NA,NA,0,MLT,568847,534418555,0.0010644222485875327
2025,Malta,0,0,0,0,0,0,NA,NA,0,MLT,568847,534418555,0.0010644222485875327
2026,Malta,0,0,0,0,0,0,NA,NA,0,MLT,568847,534418555,0.0010644222485875327
1993,Netherlands,0,0.92,0,0.44,0,0,NA,NA,1.36,NLD,15290368,493577339,0.03097866695213088
1994,Netherlands,0,2.46,0,1.32,0,0,1.32,2.46,3.7800000000000002,NLD,15382838,494866526,0.031084822253667647
1995,Netherlands,0,2.46,0,1.32,0,0,NA,NA,3.7800000000000002,NLD,15459006,495896419,0.031173860926791648
1996,Netherlands,0,2.46,0,1.32,0,0,NA,NA,3.7800000000000002,NLD,15530498,496794186,0.03126143267707243
1997,Netherlands,0,2.46,0,1.32,0,0,NA,NA,3.7800000000000002,NLD,15610650,497629796,0.03137000663039076
1998,Netherlands,0,0.61,0,3.53,0,0,3.53,0.61,4.14,NLD,15707209,498422758,0.031513827865781364
1999,Netherlands,0,0.61,0,3.53,0,0,NA,NA,4.14,NLD,15812088,499391700,0.03166269683697186
2000,Netherlands,0,0.61,0,3.53,0,0,NA,NA,4.14,NLD,15925513,500188098,0.031839048277394234
2001,Netherlands,0,0.61,0,3.53,0,0,NA,NA,4.14,NLD,16046180,501057553,0.03202462452452044
2002,Netherlands,0,0,0,5.9,18.61,0,5.9,0,24.509999999999998,NLD,16148929,502405026,0.03214324730899487
2003,Netherlands,0,0,0,0,5.7,6.32,0,0,5.7,NLD,16225302,504353870,0.032170471895060504
2004,Netherlands,0,0,0,0,5.7,6.32,NA,NA,5.7,NLD,16281779,506454762,0.032148535706729126
2005,Netherlands,0,0,0,0,5.7,6.32,NA,NA,5.7,NLD,16319868,508547485,0.03209113894251193
2006,Netherlands,0,5.89,0,0,0,16.58,0,5.89,5.89,NLD,16346101,510559016,0.03201608528640693
2007,Netherlands,0,5.89,0,0,0,16.58,NA,NA,5.89,NLD,16381696,512690302,0.03195242027417948
2008,Netherlands,0,5.89,0,0,0,16.58,NA,NA,5.89,NLD,16445593,514811015,0.03194491283369296
2009,Netherlands,0,5.89,0,0,0,16.58,NA,NA,5.89,NLD,16530388,516555899,0.032001160052573516
2010,Netherlands,0,15.45,0,0,0,9.82,0,15.45,15.45,NLD,16615394,517886877,0.03208305662473853
2011,Netherlands,0,15.45,0,0,0,9.82,NA,NA,15.45,NLD,16693074,517857388,0.03223488625791315
2012,Netherlands,0,10.08,0,0,0,9.65,0,10.08,10.08,NLD,16754962,519116989,0.032275888393242316
2013,Netherlands,0,10.08,0,0,0,9.65,NA,NA,10.08,NLD,16804432,520057474,0.03231264396750118
2014,Netherlands,0,10.08,0,0,0,9.65,NA,NA,10.08,NLD,16865008,521194086,0.03235840247043786
2015,Netherlands,0,10.08,0,0,0,9.65,NA,NA,10.08,NLD,16939923,522683036,0.032409551933497226
2016,Netherlands,0,10.08,0,0,0,9.65,NA,NA,10.08,NLD,17030314,524226948,0.03248652909769911
2017,Netherlands,0,14.9,0,0,0,9.1,0,14.9,14.9,NLD,17131296,525359268,0.03260872519717307
2018,Netherlands,0,14.9,0,0,0,9.1,NA,NA,14.9,NLD,17231624,526797856,0.03271012553247749
2019,Netherlands,0,14.9,0,0,0,9.1,NA,NA,14.9,NLD,17344874,527825192,0.03286101963848668
2020,Netherlands,0,14.9,0,0,0,9.1,NA,NA,14.9,NLD,17441500,527999064,0.033033202498252916
2021,Netherlands,0,18.18,0,0,1,5.98,0,18.18,19.18,NLD,17533044,527696744,0.033225605803624214
2022,Netherlands,0,18.18,0,0,1,5.98,NA,NA,19.18,NLD,17700982,529422891,0.03343448555192904
2023,Netherlands,0,26.4,0,0,4.7,3.2,0,26.4,31.099999999999998,NLD,17877117,532183631,0.033592008394561085
2024,Netherlands,0,26.4,0,0,4.7,3.2,NA,NA,31.099999999999998,NLD,17993485,534418555,0.03366927445099656
2025,Netherlands,0,27.1,0,0,2.7,1.9,0,27.1,29.8,NLD,17993485,534418555,0.03366927445099656
2026,Netherlands,0,27.1,0,0,2.7,1.9,NA,NA,29.8,NLD,17993485,534418555,0.03366927445099656
1993,Norway,0,0,1.1,0,6.3,7.9,1.1,0,6.3,NOR,4311991,493577339,0.008736201318999371
1994,Norway,0,0,1.1,0,6.3,7.9,NA,NA,6.3,NOR,4336613,494866526,0.008763197290899406
1995,Norway,0,0,1.1,0,6.3,7.9,NA,NA,6.3,NOR,4359184,495896419,0.008790513165613321
1996,Norway,0,0,1.1,0,6.3,7.9,NA,NA,6.3,NOR,4381336,496794186,0.008819217542131219
1997,Norway,0,0,1.7,0,15.700000000000001,6,1.7,0,15.700000000000001,NOR,4405157,497629796,0.00885227740663664
1998,Norway,0,0,1.7,0,15.700000000000001,6,NA,NA,15.700000000000001,NOR,4431464,498422758,0.008890974436604679
1999,Norway,0,0,1.7,0,15.700000000000001,6,NA,NA,15.700000000000001,NOR,4461913,499391700,0.0089346959510941
2000,Norway,0,0,1.7,0,15.700000000000001,6,NA,NA,15.700000000000001,NOR,4490967,500188098,0.008978556303033024
2001,Norway,0,0,1.2,0,16.4,12.5,1.2,0,16.4,NOR,4513751,501057553,0.009008448177209695
2002,Norway,0,0,1.2,0,16.4,12.5,NA,NA,16.4,NOR,4538159,502405026,0.009032869428340471
2003,Norway,0,0,1.2,0,16.4,12.5,NA,NA,16.4,NOR,4564855,504353870,0.009050897140930037
2004,Norway,0,0,1.2,0,16.4,12.5,NA,NA,16.4,NOR,4591910,506454762,0.009066772285576811
2005,Norway,0,0,1.2,0,22.1,8.8,1.2,0,22.1,NOR,4623291,508547485,0.009091168743072243
2006,Norway,0,0,1.2,0,22.1,8.8,NA,NA,22.1,NOR,4660677,510559016,0.009128576430819508
2007,Norway,0,0,1.2,0,22.1,8.8,NA,NA,22.1,NOR,4709153,512690302,0.00918518056930205
2008,Norway,0,0,1.2,0,22.1,8.8,NA,NA,22.1,NOR,4768212,514811015,0.009262062895060628
2009,Norway,0,0,1.4,0,22.9,6.2,1.4,0,22.9,NOR,4828726,516555899,0.009347925382999063
2010,Norway,0,0,1.4,0,22.9,6.2,NA,NA,22.9,NOR,4889252,517886877,0.009440772139897262
2011,Norway,0,0,1.4,0,22.9,6.2,NA,NA,22.9,NOR,4953088,517857388,0.009564579196464027
2012,Norway,0,0,1.4,0,22.9,6.2,NA,NA,22.9,NOR,5018573,519116989,0.009667518317340217
2013,Norway,0,0,1.1,0,16.3,4.1,1.1,0,16.3,NOR,5079623,520057474,0.009767426205665876
2014,Norway,0,0,1.1,0,16.3,4.1,NA,NA,16.3,NOR,5137232,521194086,0.009856658273747182
2015,Norway,0,0,1.1,0,16.3,4.1,NA,NA,16.3,NOR,5188607,522683036,0.009926870861751098
2016,Norway,0,0,1.1,0,16.3,4.1,NA,NA,16.3,NOR,5234519,524226948,0.009985215410940683
2017,Norway,0,0,2.4,0,15.2,6,2.4,0,15.2,NOR,5276968,525359268,0.01004449397093343
2018,Norway,0,0,2.4,0,15.2,6,NA,NA,15.2,NOR,5311916,526797856,0.01008340474339364
2019,Norway,0,0,2.4,0,15.2,6,NA,NA,15.2,NOR,5347896,527825192,0.010131945350573567
2020,Norway,0,0,2.4,0,15.2,6,NA,NA,15.2,NOR,5379475,527999064,0.010188417682498013
2021,Norway,0,0,4.7,0,11.6,7.6,4.7,0,11.6,NOR,5408320,527696744,0.010248916752838634
2022,Norway,0,0,4.7,0,11.6,7.6,NA,NA,11.6,NOR,5457127,529422891,0.01030768992570818
2023,Norway,0,0,4.7,0,11.6,7.6,NA,NA,11.6,NOR,5519601,532183631,0.010371609870127705
2024,Norway,0,0,4.7,0,11.6,7.6,NA,NA,11.6,NOR,5572279,534418555,0.010426806756363465
2025,Norway,0,0,5.3,0,23.8,11.299999999999999,5.3,0,23.8,NOR,5572279,534418555,0.010426806756363465
2026,Norway,0,0,5.3,0,23.8,11.299999999999999,NA,NA,23.8,NOR,5572279,534418555,0.010426806756363465
1993,Poland,3.2,9.07,0,0,2.78,0,0,12.27,11.85,POL,38461408,493577339,0.0779237719420502
1994,Poland,3.2,9.07,0,0,2.78,0,NA,NA,11.85,POL,38542652,494866526,0.07788494467698144
1995,Poland,3.2,9.07,0,0,2.78,0,NA,NA,11.85,POL,38594998,495896419,0.07782874915255236
1996,Poland,3.2,9.07,0,0,2.78,0,NA,NA,11.85,POL,38624370,496794186,0.07774722629302268
1997,Poland,2.033,0,0,0,0,5.56,0,2.033,0,POL,38649660,497629796,0.07766749561756547
1998,Poland,2.033,0,0,0,0,5.56,NA,NA,0,POL,38663481,498422758,0.07757166056209656
1999,Poland,2.033,0,0,0,0,5.56,NA,NA,0,POL,38660271,499391700,0.07741472475413588
2000,Poland,2.033,0,0,0,0,5.56,NA,NA,0,POL,38258629,500188098,0.07648848333852198
2001,Poland,0,7.9,0,0,10.2,9.5,0,7.9,18.1,POL,38248076,501057553,0.07633469602642633
2002,Poland,0,7.9,0,0,10.2,9.5,NA,NA,18.1,POL,38230364,502405026,0.07609470849521319
2003,Poland,0,7.9,0,0,10.2,9.5,NA,NA,18.1,POL,38204570,504353870,0.07574953276357332
2004,Poland,0,7.9,0,0,10.2,9.5,NA,NA,18.1,POL,38182222,506454762,0.07539117975555731
2005,Poland,1.57,8,0,0,11.4,28.05,0,9.57,19.4,POL,38165445,508547485,0.07504794758743129
2006,Poland,1.57,8,0,0,11.4,28.05,NA,NA,19.4,POL,38141267,510559016,0.07470491325139972
2007,Poland,0,1.3,0,0,1.53,32.11,0,1.3,2.83,POL,38120560,512690302,0.07435397129864181
2008,Poland,0,1.3,0,0,1.53,32.11,NA,NA,2.83,POL,38125759,514811015,0.07405777632788219
2009,Poland,0,1.3,0,0,1.53,32.11,NA,NA,2.83,POL,38151603,516555899,0.07385764652742839
2010,Poland,0,1.3,0,0,1.53,32.11,NA,NA,2.83,POL,38042794,517886877,0.07345772926391414
2011,Poland,1.06,0,0,0,0,29.89,0,1.06,0,POL,38063255,517857388,0.07350142313698149
2012,Poland,1.06,0,0,0,0,29.89,NA,NA,0,POL,38063164,519116989,0.07332290178620988
2013,Poland,1.06,0,0,0,0,29.89,NA,NA,0,POL,38040196,520057474,0.0731461384593042
2014,Poland,1.06,0,0,0,0,29.89,NA,NA,0,POL,38011735,521194086,0.07293201519558301
2015,Poland,4.76,37.58,3.62,0,8.81,0,3.62,42.339999999999996,46.39,POL,37986412,522683036,0.07267580805893994
2016,Poland,4.76,37.58,3.62,0,8.81,0,NA,NA,46.39,POL,37970087,524226948,0.0724306278890493
2017,Poland,4.76,37.58,3.62,0,8.81,0,NA,NA,46.39,POL,37974826,525359268,0.07228353683483509
2018,Poland,4.76,37.58,3.62,0,8.81,0,NA,NA,46.39,POL,37974750,526797856,0.07208599952996012
2019,Poland,6.81,43.59,0,0,0,0,0,50.400000000000006,43.59,POL,37965475,527825192,0.07192812236972577
2020,Poland,6.81,43.59,0,0,0,0,NA,NA,43.59,POL,37515748,527999064,0.07105267898732487
2021,Poland,6.81,43.59,0,0,0,0,NA,NA,43.59,POL,36981559,527696744,0.07008108240288859
2022,Poland,6.81,43.59,0,0,0,0,NA,NA,43.59,POL,36821749,529422891,0.06955073085421234
2023,Poland,7.200000000000001,35.4,8.6,0,0,0,8.6,42.6,35.4,POL,36687353,532183631,0.06893739465654478
2024,Poland,7.200000000000001,35.4,8.6,0,0,0,NA,NA,35.4,POL,36559233,534418555,0.06840936314421193
2025,Poland,7.200000000000001,35.4,8.6,0,0,0,NA,NA,35.4,POL,36559233,534418555,0.06840936314421193
2026,Poland,7.200000000000001,35.4,8.6,0,0,0,NA,NA,35.4,POL,36559233,534418555,0.06840936314421193
1993,Portugal,0,0,0,0,0,0,NA,NA,0,PRT,9964675,493577339,0.020188680096595763
1994,Portugal,0,0,0,0,0,0,NA,NA,0,PRT,9991525,494866526,0.020190343203775316
1995,Portugal,0,0,0,0,0,0,0,0,0,PRT,10026176,495896419,0.02021828675475876
1996,Portugal,0,0,0,0,0,0,NA,NA,0,PRT,10063945,496794186,0.020257775319455933
1997,Portugal,0,0,0,0,0,0,NA,NA,0,PRT,10108977,497629796,0.020314251841945574
1998,Portugal,0,0,0,0,0,0,NA,NA,0,PRT,10160196,498422758,0.02038469519483699
1999,Portugal,0,0,0,0,0,2.49,0,0,0,PRT,10217828,499391700,0.02046054830306551
2000,Portugal,0,0,0,0,0,2.49,NA,NA,0,PRT,10289898,500188098,0.020572056874492043
2001,Portugal,0,0,0,0,0,2.49,NA,NA,0,PRT,10362722,501057553,0.020681700012213967
2002,Portugal,0,0,0,0,0,2.79,0,0,0,PRT,10419631,502405026,0.02073950390774952
2003,Portugal,0,0,0,0,0,2.79,NA,NA,0,PRT,10458821,504353870,0.02073706899483095
2004,Portugal,0,0,0,0,0,2.79,NA,NA,0,PRT,10483861,506454762,0.020700488546299817
2005,Portugal,0,0,0,0,0,6.54,0,0,0,PRT,10503330,508547485,0.02065358754060105
2006,Portugal,0,0,0,0,0,6.54,NA,NA,0,PRT,10522288,510559016,0.020609347147441226
2007,Portugal,0,0,0,0,0,6.54,NA,NA,0,PRT,10542964,512690302,0.020564001228172247
2008,Portugal,0,0,0,0,0,6.54,NA,NA,0,PRT,10558177,514811015,0.02050884051111455
2009,Portugal,0,0,0,0,0,10.12,0,0,0,PRT,10568247,516555899,0.020459057810508132
2010,Portugal,0,0,0,0,0,10.12,NA,NA,0,PRT,10573100,517886877,0.020415848459508272
2011,Portugal,0,0,0,0,0,5.39,0,0,0,PRT,10557560,517857388,0.020387002763007797
2012,Portugal,0,0,0,0,0,5.39,NA,NA,0,PRT,10514844,519116989,0.020255249245945985
2013,Portugal,0,0,0,0,0,5.39,NA,NA,0,PRT,10457295,520057474,0.020107960221335076
2014,Portugal,0,0,0,0,0,5.39,NA,NA,0,PRT,10401062,521194086,0.01995621646405251
2015,Portugal,0,0,0,0,0,10.58,0,0,0,PRT,10358076,522683036,0.019817126798811965
2016,Portugal,0,0,0,0,0,10.58,NA,NA,0,PRT,10325452,524226948,0.019696530366081065
2017,Portugal,0,0,0,0,0,10.58,NA,NA,0,PRT,10300300,525359268,0.019606202131376503
2018,Portugal,0,0,0,0,0,10.58,NA,NA,0,PRT,10283822,526797856,0.019521381651181207
2019,Portugal,0,1.35,0,0,0,10.01,0,1.35,1.35,PRT,10286263,527825192,0.01948801072003399
2020,Portugal,0,1.35,0,0,0,10.01,NA,NA,1.35,PRT,10297081,527999064,0.019502081920357343
2021,Portugal,0,1.35,0,0,0,10.01,NA,NA,1.35,PRT,10361831,527696744,0.01963595780685734
2022,Portugal,0,7.38,4.41,0,0,4.52,4.41,7.38,7.38,PRT,10434332,529422891,0.01970887956939512
2023,Portugal,0,7.38,4.41,0,0,4.52,NA,NA,7.38,PRT,10578174,532183631,0.019876924775237968
2024,Portugal,0,18.1,3.2,0,0,4.4,3.2,18.1,18.1,PRT,10694681,534418555,0.02001180703765048
2025,Portugal,0,22.6,3,0,0,2,3,22.6,22.6,PRT,10694681,534418555,0.02001180703765048
2026,Portugal,0,22.6,3,0,0,2,NA,NA,22.6,PRT,10694681,534418555,0.02001180703765048
1993,Romania,0,11.6,3.04,0,27.7,0,NA,NA,39.3,ROU,22763280,493577339,0.04611897305925546
1994,Romania,0,11.6,3.04,0,27.7,0,NA,NA,39.3,ROU,22730211,494866526,0.04593200349138184
1995,Romania,0,11.6,3.04,0,27.7,0,NA,NA,39.3,ROU,22684270,495896419,0.04574396815718889
1996,Romania,0,8.82,2.15,0,21.77,0,2.15,8.82,30.59,ROU,22619004,496794186,0.04552992896740543
1997,Romania,0,8.82,2.15,0,21.77,0,NA,NA,30.59,ROU,22553978,497629796,0.045322804585439254
1998,Romania,0,8.82,2.15,0,21.77,0,NA,NA,30.59,ROU,22507344,498422758,0.0451571354612985
1999,Romania,0,8.82,2.15,0,21.77,0,NA,NA,30.59,ROU,22472040,499391700,0.04499882557118991
2000,Romania,0,20.86,0,0,0,36.61,0,20.86,20.86,ROU,22442971,500188098,0.044869062438187
2001,Romania,0,20.86,0,0,0,36.61,NA,NA,20.86,ROU,22131970,501057553,0.04417051467937856
2002,Romania,0,20.86,0,0,0,36.61,NA,NA,20.86,ROU,21730496,502405026,0.04325294309456212
2003,Romania,0,20.86,0,0,0,36.61,NA,NA,20.86,ROU,21574326,504353870,0.04277616824869412
2004,Romania,0,13,0,0,0,36.6,0,13,13,ROU,21451748,506454762,0.042356691277393894
2005,Romania,0,13,0,0,0,36.6,NA,NA,13,ROU,21319685,508547485,0.04192270265578051
2006,Romania,0,13,0,0,0,36.6,NA,NA,13,ROU,21193760,510559016,0.041510891661543
2007,Romania,0,13,0,0,0,36.6,NA,NA,13,ROU,20882982,512690302,0.04073215724685192
2008,Romania,0,3.15,0,0,0,33.09,0,3.15,3.15,ROU,20537875,514811015,0.039894008483870536
2009,Romania,0,3.15,0,0,0,33.09,NA,NA,3.15,ROU,20367487,516555899,0.03942939581065553
2010,Romania,0,3.15,0,0,0,33.09,NA,NA,3.15,ROU,20246871,517886877,0.039095161316474135
2011,Romania,0,3.15,0,0,0,33.09,NA,NA,3.15,ROU,20147528,517857388,0.03890555289326103
2012,Romania,0,1.25,0,0,13.99,58.63,0,1.25,15.24,ROU,20058035,519116989,0.0386387566290958
2013,Romania,0,1.25,0,0,13.99,58.63,NA,NA,15.24,ROU,19983693,520057474,0.03842593174615158
2014,Romania,0,1.25,0,0,13.99,58.63,NA,NA,15.24,ROU,19908979,521194086,0.038198781480417644
2015,Romania,0,1.25,0,0,13.99,58.63,NA,NA,15.24,ROU,19815616,522683036,0.03791134327152718
2016,Romania,2.79,1.04,0,0,5.35,45.48,0,3.83,6.39,ROU,19702267,524226948,0.03758346852478099
2017,Romania,2.79,1.04,0,0,5.35,45.48,NA,NA,6.39,ROU,19588715,525359268,0.037286322319148656
2018,Romania,2.79,1.04,0,0,5.35,45.48,NA,NA,6.39,ROU,19473970,526797856,0.036966684237985964
2019,Romania,2.79,1.04,0,0,5.35,45.48,NA,NA,6.39,ROU,19371648,527825192,0.0367008780437293
2020,Romania,0,9.08,0,0,4.82,28.9,0,9.08,13.9,ROU,19265250,527999064,0.03648728059108832
2021,Romania,0,9.08,0,0,4.82,28.9,NA,NA,13.9,ROU,19122059,527696744,0.03623683340369445
2022,Romania,0,9.08,0,0,4.82,28.9,NA,NA,13.9,ROU,19048502,529422891,0.03597974761540864
2023,Romania,0,9.08,0,0,4.82,28.9,NA,NA,13.9,ROU,19061062,532183631,0.0358167010213811
2024,Romania,0,31.900000000000002,0,0,0,22,0,31.900000000000002,31.900000000000002,ROU,19051804,534418555,0.035649593042292475
2025,Romania,0,31.900000000000002,0,0,0,22,NA,NA,31.900000000000002,ROU,19051804,534418555,0.035649593042292475
2026,Romania,0,31.900000000000002,0,0,0,22,NA,NA,31.900000000000002,ROU,19051804,534418555,0.035649593042292475
1993,Slovakia,0,7.93,0,0,37.26,0,NA,NA,45.19,SVK,5325305,493577339,0.01078920075785732
1994,Slovakia,0,5.4,2.72,7.35,34.97,0,10.07,5.4,47.72,SVK,5346331,494866526,0.010803581812684579
1995,Slovakia,0,5.4,2.72,7.35,34.97,0,NA,NA,47.72,SVK,5361999,495896419,0.010812739908089557
1996,Slovakia,0,5.4,2.72,7.35,34.97,0,NA,NA,47.72,SVK,5373361,496794186,0.010816070621245153
1997,Slovakia,0,5.4,2.72,7.35,34.97,0,NA,NA,47.72,SVK,5383291,497629796,0.010817863084709662
1998,Slovakia,0,9.07,2.79,1.3,35.01,0,4.09,9.07,45.379999999999995,SVK,5390516,498422758,0.010815148211992358
1999,Slovakia,0,9.07,2.79,1.3,35.01,0,NA,NA,45.379999999999995,SVK,5396020,499391700,0.01080518558878732
2000,Slovakia,0,9.07,2.79,1.3,35.01,0,NA,NA,45.379999999999995,SVK,5388720,500188098,0.01077338709486846
2001,Slovakia,0,9.07,2.79,1.3,35.01,0,NA,NA,45.379999999999995,SVK,5378867,501057553,0.010735028277280555
2002,Slovakia,0,6.97,6.32,0,40.97,0,6.32,6.97,47.94,SVK,5376912,502405026,0.010702345163242854
2003,Slovakia,0,6.97,6.32,0,40.97,0,NA,NA,47.94,SVK,5373374,504353870,0.010653975947483064
2004,Slovakia,0,6.97,6.32,0,40.97,0,NA,NA,47.94,SVK,5372280,506454762,0.010607620666423904
2005,Slovakia,0,6.97,6.32,0,40.97,0,NA,NA,47.94,SVK,5372807,508547485,0.010565005547122114
2006,Slovakia,0,11.73,3.88,0,39.35,0,3.88,11.73,51.08,SVK,5373054,510559016,0.010523864688739528
2007,Slovakia,0,11.73,3.88,0,39.35,0,NA,NA,51.08,SVK,5374622,512690302,0.010483174694418151
2008,Slovakia,0,11.73,3.88,0,39.35,0,NA,NA,51.08,SVK,5379233,514811015,0.01044894697911621
2009,Slovakia,0,11.73,3.88,0,39.35,0,NA,NA,51.08,SVK,5386406,516555899,0.010427537485154148
2010,Slovakia,1.33,5.07,0,0,39.11,0,0,6.4,44.18,SVK,5391428,517886877,0.010410435636506774
2011,Slovakia,1.33,5.07,0,0,39.11,0,NA,NA,44.18,SVK,5398384,517857388,0.010424460720448387
2012,Slovakia,1.58,4.55,0,0,54.18,0,0,6.13,58.73,SVK,5407579,519116989,0.01041687926726667
2013,Slovakia,1.58,4.55,0,0,54.18,0,NA,NA,58.73,SVK,5413393,520057474,0.01040922065471556
2014,Slovakia,1.58,4.55,0,0,54.18,0,NA,NA,58.73,SVK,5418649,521194086,0.010396604922335975
2015,Slovakia,1.58,4.55,0,0,54.18,0,NA,NA,58.73,SVK,5423801,522683036,0.010376845289465258
2016,Slovakia,8.04,15.27,0,0,39.31,0,0,23.31,54.58,SVK,5430798,524226948,0.01035963149303801
2017,Slovakia,8.04,15.27,0,0,39.31,0,NA,NA,54.58,SVK,5439232,525359268,0.010353356895571127
2018,Slovakia,8.04,15.27,0,0,39.31,0,NA,NA,54.58,SVK,5446771,526797856,0.010339394775365222
2019,Slovakia,8.04,15.27,0,0,39.31,0,NA,NA,54.58,SVK,5454147,527825192,0.010333244950536578
2020,Slovakia,7.97,14.33,0,0,43.31,0,0,22.3,57.64,SVK,5458827,527999064,0.010338705827705786
2021,Slovakia,7.97,14.33,0,0,43.31,0,NA,NA,57.64,SVK,5447247,527696744,0.010322684500020338
2022,Slovakia,7.97,14.33,0,0,43.31,0,NA,NA,57.64,SVK,5431752,529422891,0.010259760377455988
2023,Slovakia,5.59,7.83,0.33,0,31.830000000000002,0,0.33,13.42,39.660000000000004,SVK,5426740,532183631,0.010197119347325435
2024,Slovakia,5.59,7.83,0.33,0,31.830000000000002,0,NA,NA,39.660000000000004,SVK,5422069,534418555,0.01014573492868338
2025,Slovakia,5.59,7.83,0.33,0,31.830000000000002,0,NA,NA,39.660000000000004,SVK,5422069,534418555,0.01014573492868338
2026,Slovakia,5.59,7.83,0.33,0,31.830000000000002,0,NA,NA,39.660000000000004,SVK,5422069,534418555,0.01014573492868338
1993,Slovenia,0,24.53,2.75,13.58,0,3.34,NA,NA,38.11,SVN,1991746,493577339,0.0040353270756622
1994,Slovenia,0,24.53,2.75,13.58,0,3.34,NA,NA,38.11,SVN,1989443,494866526,0.004020160781697326
1995,Slovenia,0,24.53,2.75,13.58,0,3.34,NA,NA,38.11,SVN,1989872,495896419,0.004012676687628994
1996,Slovenia,0,12.84,0,9.03,0,16.13,9.03,12.84,21.869999999999997,SVN,1988628,496794186,0.0040029212419164665
1997,Slovenia,0,12.84,0,9.03,0,16.13,NA,NA,21.869999999999997,SVN,1985956,497629796,0.003990830163232428
1998,Slovenia,0,12.84,0,9.03,0,16.13,NA,NA,21.869999999999997,SVN,1981629,498422758,0.003975799596213462
1999,Slovenia,0,12.84,0,9.03,0,16.13,NA,NA,21.869999999999997,SVN,1983045,499391700,0.003970921022515993
2000,Slovenia,0,13.05,0,12.08,15.81,0,12.08,13.05,40.940000000000005,SVN,1988925,500188098,0.003976354111488675
2001,Slovenia,0,13.05,0,12.08,15.81,0,NA,NA,40.940000000000005,SVN,1992060,501057553,0.003975710949915568
2002,Slovenia,0,13.05,0,12.08,15.81,0,NA,NA,40.940000000000005,SVN,1994530,502405026,0.003969964265445067
2003,Slovenia,0,13.05,0,12.08,15.81,0,NA,NA,40.940000000000005,SVN,1995733,504353870,0.00395700939104522
2004,Slovenia,0,15.36,0,10.17,31.7,0,10.17,15.36,57.230000000000004,SVN,1997012,506454762,0.003943120195205115
2005,Slovenia,0,15.36,0,10.17,31.7,0,NA,NA,57.230000000000004,SVN,2000474,508547485,0.003933701491022023
2006,Slovenia,0,15.36,0,10.17,31.7,0,NA,NA,57.230000000000004,SVN,2006868,510559016,0.003930726785951029
2007,Slovenia,0,15.36,0,10.17,31.7,0,NA,NA,57.230000000000004,SVN,2018122,512690302,0.003936337379754065
2008,Slovenia,0,8.8,0,30.45,29.26,0,30.45,8.8,68.51,SVN,2021316,514811015,0.00392632624614685
2009,Slovenia,0,8.8,0,30.45,29.26,0,NA,NA,68.51,SVN,2039669,516555899,0.00394859298664209
2010,Slovenia,0,8.8,0,30.45,29.26,0,NA,NA,68.51,SVN,2048583,517886877,0.00395565728922689
2011,Slovenia,0,6.68,0,10.52,26.19,0,10.52,6.68,43.39,SVN,2052843,517857388,0.003964108744162592
2012,Slovenia,0,6.68,0,10.52,26.19,0,NA,NA,43.39,SVN,2057159,519116989,0.003962804230242598
2013,Slovenia,0,6.68,0,10.52,26.19,0,NA,NA,43.39,SVN,2059953,520057474,0.003961010278644702
2014,Slovenia,0,7.79,0,5.98,20.71,0,5.98,7.79,34.480000000000004,SVN,2061980,521194086,0.003956261314906785
2015,Slovenia,0,7.79,0,5.98,20.71,0,NA,NA,34.480000000000004,SVN,2063531,522683036,0.003947958624775418
2016,Slovenia,0,7.79,0,5.98,20.71,0,NA,NA,34.480000000000004,SVN,2065042,524226948,0.003939213746791208
2017,Slovenia,0,7.79,0,5.98,20.71,0,NA,NA,34.480000000000004,SVN,2066388,525359268,0.003933285516912209
2018,Slovenia,0,36.25,0,19.259999999999998,12.6,0,19.259999999999998,36.25,68.11,SVN,2073894,526797856,0.003936792787554549
2019,Slovenia,0,36.25,0,19.259999999999998,12.6,0,NA,NA,68.11,SVN,2088385,527825192,0.003956584550439571
2020,Slovenia,0,36.25,0,19.259999999999998,12.6,0,NA,NA,68.11,SVN,2102419,527999064,0.003981861225420658
2021,Slovenia,0,36.25,0,19.259999999999998,12.6,0,NA,NA,68.11,SVN,2108079,527696744,0.003994868310197495
2022,Slovenia,0,31.83,0,11.15,0,3.72,11.15,31.83,42.98,SVN,2112076,529422891,0.0039893930464748265
2023,Slovenia,0,31.83,0,11.15,0,3.72,NA,NA,42.98,SVN,2120461,532183631,0.003984453629315029
2024,Slovenia,0,31.83,0,11.15,0,3.72,NA,NA,42.98,SVN,2127400,534418555,0.0039807749564384045
2025,Slovenia,0,31.83,0,11.15,0,3.72,NA,NA,42.98,SVN,2127400,534418555,0.0039807749564384045
2026,Slovenia,0,39.38,0,5.6899999999999995,5.489999999999999,0,5.6899999999999995,39.38,50.56,SVN,2127400,534418555,0.0039807749564384045
1993,Spain,0,0,10.510000000000002,0,0,0,10.510000000000002,0,0,ESP,39361262,493577339,0.07974689859090148
1994,Spain,0,0,10.510000000000002,0,0,0,NA,NA,0,ESP,39549108,494866526,0.0799187375223678
1995,Spain,0,0,10.510000000000002,0,0,0,NA,NA,0,ESP,39724050,495896419,0.080105539136793
1996,Spain,0,0,12.260000000000002,0,0,0,12.260000000000002,0,0,ESP,39889852,496794186,0.08029452260940913
1997,Spain,0,0,12.260000000000002,0,0,0,NA,NA,0,ESP,40057389,497629796,0.08049636360600883
1998,Spain,0,0,12.260000000000002,0,0,0,NA,NA,0,ESP,40223509,498422758,0.0807015898740322
1999,Spain,0,0,12.260000000000002,0,0,0,NA,NA,0,ESP,40386875,499391700,0.08087213904436137
2000,Spain,0,0,6.88,0,0,0,6.88,0,0,ESP,40567864,500188098,0.08110521654195778
2001,Spain,0,0,6.88,0,0,0,NA,NA,0,ESP,40850412,501057553,0.08152838282830954
2002,Spain,0,0,6.88,0,0,0,NA,NA,0,ESP,41431558,502405026,0.08246644809640101
2003,Spain,0,0,6.88,0,0,0,NA,NA,0,ESP,42187645,504353870,0.08364691441745059
2004,Spain,0,0,5.86,0,0,0,5.86,0,0,ESP,42921895,506454762,0.08474971156456418
2005,Spain,0,0,5.86,0,0,0,NA,NA,0,ESP,43653155,508547485,0.08583889663715474
2006,Spain,0,0,5.86,0,0,0,NA,NA,0,ESP,44397319,510559016,0.08695825087535032
2007,Spain,0,0,5.86,0,0,0,NA,NA,0,ESP,45226803,512690302,0.08821466453250758
2008,Spain,0,0,4.65,0,0,0,4.65,0,0,ESP,45954106,514811015,0.08926403021893384
2009,Spain,0,0,4.65,0,0,0,NA,NA,0,ESP,46362946,516555899,0.08975397646170333
2010,Spain,0,0,4.65,0,0,0,NA,NA,0,ESP,46576897,517886877,0.08993643026795599
2011,Spain,0,0,7.789999999999999,0,0,0,7.789999999999999,0,0,ESP,46742697,517857388,0.09026171699610859
2012,Spain,0,0,7.789999999999999,0,0,0,NA,NA,0,ESP,46773055,519116989,0.09010118333846323
2013,Spain,0,0,7.789999999999999,0,0,0,NA,NA,0,ESP,46604197,520057474,0.0896135510591662
2014,Spain,0,0,7.789999999999999,0,0,0,NA,NA,0,ESP,46460733,521194086,0.08914286299096648
2015,Spain,0,0,4.54,12.67,0,0,17.21,0,12.67,ESP,46422303,522683036,0.08881540016156178
2016,Spain,0,0,0.77,13.37,0,0,14.139999999999999,0,13.37,ESP,46458139,524226948,0.08862218773232543
2017,Spain,0,0,0.77,13.37,0,0,NA,NA,13.37,ESP,46571232,525359268,0.08864644603547757
2018,Spain,0,0,0.77,13.37,0,0,NA,NA,13.37,ESP,46782011,526797856,0.08880448253001243
2019,Spain,0,15.08,2.66,9.82,0,0,12.48,15.08,24.9,ESP,47118501,527825192,0.08926914007545135
2020,Spain,0,15.08,2.66,9.82,0,0,NA,NA,24.9,ESP,47359424,527999064,0.08969603779449124
2021,Spain,0,15.08,2.66,9.82,0,0,NA,NA,24.9,ESP,47443821,527696744,0.08990735974675637
2022,Spain,0,15.08,2.66,9.82,0,0,NA,NA,24.9,ESP,47786102,529422891,0.09026074016130897
2023,Spain,0,12.4,2.4,0,0,12.3,2.4,12.4,12.4,ESP,48352528,532183631,0.09085684937197927
2024,Spain,0,12.4,2.4,0,0,12.3,NA,NA,12.4,ESP,48848840,534418555,0.09140558377506185
2025,Spain,0,12.4,2.4,0,0,12.3,NA,NA,12.4,ESP,48848840,534418555,0.09140558377506185
2026,Spain,0,12.4,2.4,0,0,12.3,NA,NA,12.4,ESP,48848840,534418555,0.09140558377506185
1993,Sweden,0,0,0,0,6.7,4.5,NA,NA,6.7,SWE,8718561,493577339,0.01766402205106098
1994,Sweden,0,0,0,0,1.2,6.2,0,0,1.2,SWE,8780745,494866526,0.017743663268103126
1995,Sweden,0,0,0,0,1.2,6.2,NA,NA,1.2,SWE,8826939,495896419,0.017799965197974135
1996,Sweden,0,0,0,0,1.2,6.2,NA,NA,1.2,SWE,8840998,496794186,0.01779609795997089
1997,Sweden,0,0,0,0,1.2,6.2,NA,NA,1.2,SWE,8846062,497629796,0.017776391347756035
1998,Sweden,0,0,0,0,0,11.99,0,0,0,SWE,8850974,498422758,0.017757965217150055
1999,Sweden,0,0,0,0,0,11.99,NA,NA,0,SWE,8857874,499391700,0.01773732723231083
2000,Sweden,0,0,0,0,0,11.99,NA,NA,0,SWE,8872109,500188098,0.017737545206443515
2001,Sweden,0,0,0,0,0,11.99,NA,NA,0,SWE,8895960,501057553,0.01775436763049853
2002,Sweden,0,1.44,0,0,0,8.4,0,1.44,1.44,SWE,8924958,502405026,0.017764467985238667
2003,Sweden,0,1.44,0,0,0,8.4,NA,NA,1.44,SWE,8958229,504353870,0.017761792925272885
2004,Sweden,0,1.44,0,0,0,8.4,NA,NA,1.44,SWE,8993531,506454762,0.01775781703480162
2005,Sweden,0,1.44,0,0,0,8.4,NA,NA,1.44,SWE,9029572,508547485,0.017755612339720842
2006,Sweden,0,2.9,0,0,0,5.8,0,2.9,2.9,SWE,9080505,510559016,0.01778541699477108
2007,Sweden,0,2.9,0,0,0,5.8,NA,NA,2.9,SWE,9148092,512690302,0.017843310014473417
2008,Sweden,0,2.9,0,0,0,5.8,NA,NA,2.9,SWE,9219637,514811015,0.01790877959361456
2009,Sweden,0,2.9,0,0,0,5.8,NA,NA,2.9,SWE,9298515,516555899,0.01800098502020979
2010,Sweden,0,5.7,0,0,0,5.6,0,5.7,5.7,SWE,9378126,517886877,0.0181084449452076
2011,Sweden,0,5.7,0,0,0,5.6,NA,NA,5.7,SWE,9449213,517857388,0.018246747500298286
2012,Sweden,0,5.7,0,0,0,5.6,NA,NA,5.7,SWE,9519374,519116989,0.018337627551619197
2013,Sweden,0,5.7,0,0,0,5.6,NA,NA,5.7,SWE,9600379,520057474,0.018460226955607603
2014,Sweden,0,12.86,0,0,0,5.72,0,12.86,12.86,SWE,9696110,521194086,0.018603645475747013
2015,Sweden,0,12.86,0,0,0,5.72,NA,NA,12.86,SWE,9799186,522683036,0.01874785544025194
2016,Sweden,0,12.86,0,0,0,5.72,NA,NA,12.86,SWE,9923085,524226948,0.018928986840256828
2017,Sweden,0,12.86,0,0,0,5.72,NA,NA,12.86,SWE,10057698,525359268,0.01914441909112756
2018,Sweden,0,17.53,0,0,0,8,0,17.53,17.53,SWE,10175214,526797856,0.019315215284399334
2019,Sweden,0,17.53,0,0,0,8,NA,NA,17.53,SWE,10278887,527825192,0.019474036396504545
2020,Sweden,0,17.53,0,0,0,8,NA,NA,17.53,SWE,10353442,527999064,0.01960882642776806
2021,Sweden,0,17.53,0,0,0,8,NA,NA,17.53,SWE,10415811,527696744,0.019738251407516737
2022,Sweden,0,20.54,0,0,0,6.75,0,20.54,20.54,SWE,10486941,529422891,0.019808250036547816
2023,Sweden,0,20.54,0,0,0,6.75,NA,NA,20.54,SWE,10536632,532183631,0.019798865252960027
2024,Sweden,0,20.54,0,0,0,6.75,NA,NA,20.54,SWE,10569709,534418555,0.01977796036666429
2025,Sweden,0,20.54,0,0,0,6.75,NA,NA,20.54,SWE,10569709,534418555,0.01977796036666429
2026,Sweden,0,20.54,0,0,0,6.75,NA,NA,20.54,SWE,10569709,534418555,0.01977796036666429
1993,Switzerland,1,16.7,0.8,0,0,0,NA,NA,16.7,CHE,6938265,493577339,0.014057097949547476
1994,Switzerland,1,16.7,0.8,0,0,0,NA,NA,16.7,CHE,6993795,494866526,0.01413268958911155
1995,Switzerland,1.3,18.9,1.5,0,0,0,1.5,20.2,18.9,CHE,7040687,495896419,0.014197898452660535
1996,Switzerland,1.3,18.9,1.5,0,0,0,NA,NA,18.9,CHE,7071850,496794186,0.014234969327922046
1997,Switzerland,1.3,18.9,1.5,0,0,0,NA,NA,18.9,CHE,7088906,497629796,0.014245340727145688
1998,Switzerland,1.3,18.9,1.5,0,0,0,NA,NA,18.9,CHE,7110001,498422758,0.014265000716520251
1999,Switzerland,1.3,25.2,1.5,0,0,0,1.5,26.5,25.2,CHE,7143991,499391700,0.01430538593252551
2000,Switzerland,1.3,25.2,1.5,0,0,0,NA,NA,25.2,CHE,7184250,500188098,0.014363096660488711
2001,Switzerland,1.3,25.2,1.5,0,0,0,NA,NA,25.2,CHE,7229854,501057553,0.014429188736328659
2002,Switzerland,1.3,25.2,1.5,0,0,0,NA,NA,25.2,CHE,7284753,502405026,0.014499761393708668
2003,Switzerland,1.3,28.099999999999998,1.2,0,0,0,1.2,29.4,28.099999999999998,CHE,7339001,504353870,0.014551293122822672
2004,Switzerland,1.3,28.099999999999998,1.2,0,0,0,NA,NA,28.099999999999998,CHE,7389625,506454762,0.01459088857377552
2005,Switzerland,1.3,28.099999999999998,1.2,0,0,0,NA,NA,28.099999999999998,CHE,7437115,508547485,0.014624229239871278
2006,Switzerland,1.3,28.099999999999998,1.2,0,0,0,NA,NA,28.099999999999998,CHE,7483934,510559016,0.014658313271271269
2007,Switzerland,1.3,30,0.7,0,0,0,0.7,31.3,30,CHE,7551117,512690302,0.014728417858779782
2008,Switzerland,1.3,30,0.7,0,0,0,NA,NA,30,CHE,7647675,514811015,0.014855305689214905
2009,Switzerland,1.3,30,0.7,0,0,0,NA,NA,30,CHE,7743831,516555899,0.01499127396471761
2010,Switzerland,1.3,30,0.7,0,0,0,NA,NA,30,CHE,7824909,517886877,0.015109301562781247
2011,Switzerland,1.27,27.799999999999997,0,0,0,0,0,29.069999999999997,27.799999999999997,CHE,7912398,517857388,0.015279106146497615
2012,Switzerland,1.27,27.799999999999997,0,0,0,0,NA,NA,27.799999999999997,CHE,7996861,519116989,0.015404737601450374
2013,Switzerland,1.27,27.799999999999997,0,0,0,0,NA,NA,27.799999999999997,CHE,8089346,520057474,0.015554715400552055
2014,Switzerland,1.27,27.799999999999997,0,0,0,0,NA,NA,27.799999999999997,CHE,8188649,521194086,0.015711323708304702
2015,Switzerland,1.19,30.71,0.86,0,0,0,0.86,31.900000000000002,30.71,CHE,8282396,522683036,0.015845924641793806
2016,Switzerland,1.19,30.71,0.86,0,0,0,NA,NA,30.71,CHE,8373338,524226948,0.015972734770590236
2017,Switzerland,1.19,30.71,0.86,0,0,0,NA,NA,30.71,CHE,8451840,525359268,0.01608773369921781
2018,Switzerland,1.19,30.71,0.86,0,0,0,NA,NA,30.71,CHE,8514329,526797856,0.016162421511449736
2019,Switzerland,1,26.34,1.05,0,0,0,1.05,27.34,26.34,CHE,8575280,527825192,0.016246439408295617
2020,Switzerland,1,26.34,1.05,0,0,0,NA,NA,26.34,CHE,8638167,527999064,0.016360193774888964
2021,Switzerland,1,26.34,1.05,0,0,0,NA,NA,26.34,CHE,8704546,527696744,0.016495356658861628
2022,Switzerland,1,26.34,1.05,0,0,0,NA,NA,26.34,CHE,8777088,529422891,0.01657859557870912
2023,Switzerland,1.2,29.08,0.7,0,0,0,0.7,30.279999999999998,29.08,CHE,8888822,532183631,0.01670254679441653
2024,Switzerland,1.2,29.08,0.7,0,0,0,NA,NA,29.08,CHE,9005582,534418555,0.016851177631734736
2025,Switzerland,1.2,29.08,0.7,0,0,0,NA,NA,29.08,CHE,9005582,534418555,0.016851177631734736
2026,Switzerland,1.2,29.08,0.7,0,0,0,NA,NA,29.08,CHE,9005582,534418555,0.016851177631734736
1993,United_Kingdom,0,0,0,0,0,0.3,NA,NA,0,GBR,57718614,493577339,0.11693935162610859
1994,United_Kingdom,0,0,0,0,0,0.3,NA,NA,0,GBR,57865745,494866526,0.11693202502041934
1995,United_Kingdom,0,0,0,0,0,0.3,NA,NA,0,GBR,58019030,495896419,0.11699828386943847
1996,United_Kingdom,0,0,0,0,0,0.3,NA,NA,0,GBR,58166950,496794186,0.11708460291844075
1997,United_Kingdom,0,0,0,0,0,0.34,0,0,0,GBR,58316954,497629796,0.11718943372916521
1998,United_Kingdom,0,0,0,0,0,0.34,NA,NA,0,GBR,58487141,498422758,0.11734444316846383
1999,United_Kingdom,0,0,0,0,0,0.34,NA,NA,0,GBR,58682466,499391700,0.11750789210153072
2000,United_Kingdom,0,0,0,0,0,0.34,NA,NA,0,GBR,58892514,500188098,0.11774073440667915
2001,United_Kingdom,0,0,0,0,1.5,0.7,0,0,1.5,GBR,59119673,501057553,0.11798978509760136
2002,United_Kingdom,0,0,0,0,1.5,0.7,NA,NA,1.5,GBR,59370479,502405026,0.11817254192835244
2003,United_Kingdom,0,0,0,0,1.5,0.7,NA,NA,1.5,GBR,59647577,504353870,0.11826533025314151
2004,United_Kingdom,0,0,0,0,1.5,0.7,NA,NA,1.5,GBR,59987905,506454762,0.1184467192353105
2005,United_Kingdom,0,2.2,0,0.3,0,0.9,0.3,2.2,2.5,GBR,60401206,508547485,0.11877200808494806
2006,United_Kingdom,0,2.2,0,0.3,0,0.9,NA,NA,2.5,GBR,60846820,510559016,0.11917685927222955
2007,United_Kingdom,0,2.2,0,0.3,0,0.9,NA,NA,2.5,GBR,61322463,512690302,0.11960917294667298
2008,United_Kingdom,0,2.2,0,0.3,0,0.9,NA,NA,2.5,GBR,61806995,514811015,0.1200576390153579
2009,United_Kingdom,0,2.2,0,0.3,0,0.9,NA,NA,2.5,GBR,62276270,516555899,0.12056056299146048
2010,United_Kingdom,0,3.1,0,0,0,0.6,0,3.1,3.1,GBR,62766365,517886877,0.121197056321626
2011,United_Kingdom,0,3.1,0,0,0,0.6,NA,NA,3.1,GBR,63258810,517857388,0.12215488562268036
2012,United_Kingdom,0,3.1,0,0,0,0.6,NA,NA,3.1,GBR,63711000,519116989,0.12272956067712128
2013,United_Kingdom,0,3.1,0,0,0,0.6,NA,NA,3.1,GBR,64139000,520057474,0.12333059941755592
2014,United_Kingdom,0,3.1,0,0,0,0.6,NA,NA,3.1,GBR,64620000,521194086,0.12398452272537874
2015,United_Kingdom,0,12.65,0,0,0,0.6,0,12.65,12.65,GBR,65088000,522683036,0.12452671220804648
2016,United_Kingdom,0,12.65,0,0,0,0.6,NA,NA,12.65,GBR,65607000,524226948,0.1251499951505736
2017,United_Kingdom,0,1.8,0,0,0,0.9,0,1.8,1.8,GBR,65966000,525359268,0.12556359812805282
2018,United_Kingdom,0,1.8,0,0,0,0.9,NA,NA,1.8,GBR,66289000,526797856,0.12583384545893064
2019,United_Kingdom,0,2.01,0,0,0,0.76,0,2.01,2.01,GBR,66631000,527825192,0.1262368697248539
2020,United_Kingdom,0,2.01,0,0,0,0.76,NA,NA,2.01,GBR,66744000,527999064,0.12640931499833113
2021,United_Kingdom,0,2.01,0,0,0,0.76,NA,NA,2.01,GBR,66984000,527696744,0.12693654217430608
2022,United_Kingdom,0,2.01,0,0,0,0.76,NA,NA,2.01,GBR,67604000,529422891,0.1276937607898031
2023,United_Kingdom,0,2.01,0,0,0,0.76,NA,NA,2.01,GBR,68492000,532183631,0.12869993740938643
2024,United_Kingdom,0,14.3,0,0,0,0.6,0,14.3,14.3,GBR,69226000,534418555,0.12953517304428175
2025,United_Kingdom,0,14.3,0,0,0,0.6,NA,NA,14.3,GBR,69226000,534418555,0.12953517304428175
2026,United_Kingdom,0,14.3,0,0,0,0.6,NA,NA,14.3,GBR,69226000,534418555,0.12953517304428175
