Country,Party Name,Name En.,Abbr.,Populist,Far-Right,Far-Left,Eurosceptic,In Parliament
Austria,Freiheitliche Partei Österreichs,Freedom Party of Austria,FPÖ,●,●,,●,●
Austria,Bündnis Zukunft Österreich,Alliance for the Future of Austria,BZÖ,●,● (-2008),,●,
Austria,JETZT - Liste Pilz,NOW – Pilz List,Pilz,◐,,,,
Austria,Kommunistische Partei Österreichs Plus,Communist Party of Austria Plus,KPÖ Plus,,,●,●,
Austria,Liste Hans-Peter Martin,Hans-Peter Martin's List,Martin,●,,,●,
Austria,Team Stronach,Team Stronach,TS,●,,,●,
Belgium,Nieuw-Vlaamse Alliantie,New Flemish Alliance,N-VA,◐ (2019-2025),◐ (2019-2025),,,●
Belgium,Partij van de Arbeid – Parti du Travail,Workers' Party of Belgium,PVDA/PTB,◐,,●,●,●
Belgium,Vlaams Belang,Flemish Interest,VB,●,●,,●,●
Belgium,Front National,National Front,FN,●,●,,●,
Belgium,Lijst Dedecker,List Dedecker,LDD,●,,,◐,
Belgium,Parti populaire,People's Party,PP,●,●,,●,
Bulgaria,Grazhdani za Evropeysko Razvitie na Bulgariya,Citizens for European Development of Bulgaria,GERB,●,,,,●
Bulgaria,Ima Takav Narod,There Is Such a People,ITN,●,,,,●
Bulgaria,MECh,"Morality, Unity, Honour",MECh,●,●,,●,●
Bulgaria,Vazrazhdane,Revival,Vazrazhdane,●,●,,●,●
Bulgaria,Velichie,Greatness,Velichie,◐,◐,,●,●
Bulgaria,Прогресивна България,Progressive Bulgaria,PB,●,,,◐,●
Bulgaria,Ataka,Attack,Ataka,●,●,,●,
Bulgaria,Balgarska Sotsialisticheska Partiya,Bulgarian Socialist Party,BSP,◐ (2017-2022),◐,,,
Bulgaria,Balgarsko Natsionalno Dvizhenie,Bulgarian National Movement,VMRO,●,●,,●,
Bulgaria,Bulgarski Vazhod,Bulgarian Rise,BV,●,◐,,◐,
Bulgaria,Izpravi se.BG,Stand Up.BG,ISBG,●,,,,
Bulgaria,Natsionalen Front za Spasenie na Balgariya,National Front for the Salvation of Bulgaria,NFSB,●,●,,●,
Bulgaria,Natsionalno Dvizhenie za Stabilnost i Vazhod,National Movement for Stability and Progress,NDSV,●,,,,
Bulgaria,Prezaredi Bulgariya,Bulgaria Uncensored,BBT,●,◐,,●,
Bulgaria,"Red, Zakonnost i Spravedlivost","Order, Law and Justice",RZS,●,●,,●,
Bulgaria,Volya,Will,Volya,●,●,,●,
Bulgaria,Левицата!,The Left!,Левицата!,●,,,,
Croatia,Dom i Nacionalno Okupljanje,Home and National Rally,DOMiNO,●,● (-2000),,●,●
Croatia,Domovinski Pokret,Homeland Movement,DP,●,●,,●,●
Croatia,Hrvatska Demokratska Zajednica,Croatian Democratic Union,HDZ,● (-2000),● (-2000),,● (-2000),●
Croatia,Hrvatski Suverenisti,Croatian Sovereigntists,HS,●,●,,●,●
Croatia,Most,Bridge,Most,●,● (2020-)<br>◐ (-2020),,,●
Croatia,Mozemo!,We Can!,Mozemo,●,,,,●
Croatia,Pravo i Pravda,Law and Justice,PiP,●,● (-2000),,●,●
Croatia,Bandić Milan 365 – Stranka Rada i Solidarnosti,Bandić Milan 365 – Labour and Solidarity Party,BM365,●,,,,
Croatia,Blok za Hrvatsku,Bloc for Croatia,BzH,●,●,,●,
Croatia,Hrvatska Cista Stranka Prava,Croatian Pure Party of Rights,HCSP,,●,,●,
Croatia,Hrvatska Konzervativna Stranka,Croatian Conservative Party,HKS,●,●,,●,
Croatia,Hrvatska Stranka Prava,Croatian Party of Rights,HSP,,●,,●,
Croatia,Hrvatska Stranka Prava Dr. Ante Starcevic,Croatian Party of Rights Dr. Ante Starčević,HSP AS,,●,,●,
Croatia,Hrvatski demokratski savez Slavonije i Baranje,Croatian Democratic Alliance of Slavonia and Baranja,HDSSB,●,◐,,,
Croatia,Hrvatski laburisti – Stranka rada,Croatian Labourists - Labour Party,HL-SR,●,,,,
Croatia,Hrvatski rast,Croatian Growth,Hrast,●,●,,●,
Croatia,Radnička Fronta,Workers' Front,RF,●,,●,●,
Croatia,Živi zid,Human Shield,ZZ,●,,,●,
Cyprus,Anorthotikó Kómma Ergazómenou Laoú,Progressive Party of Working People,AKEL,◐,,◐,●,●
Cyprus,Ethniko Laiko Metopo,National Popular Front,ELAM,◐,●,,●,●
Cyprus,Allilegii,Solidarity,Allilegii,◐,◐,,,
Cyprus,EVROKO,European Party,EVROKO,◐,●,,,
Cyprus,Movement of Hunters,Movement of Hunters,Hunters,●,●,,,
Cyprus,New Horizons,New Horizons,NH,●,●,,,
Cyprus,Symmaxia,Citizens' Alliance,SYM / SYPOL,●,,◐,,
Czech Republic,Akce nespokojených obcanu,Action of Dissatisfied Citizens,ANO,●,,,● (2017-),●
Czech Republic,Motoristé Sobe,Motorists for Themselves,AUTO,●,◐,,●,●
Czech Republic,Svoboda a prímá demokracie,Freedom and Direct Democracy,SPD,●,●,,●,●
Czech Republic,Komunistická strana Cech a Moravy,Communist Party of Bohemia and Moravia,KSCM,,,●,●,
Czech Republic,Komunistická strana Ceskoslovenska,Communist Party of Czechoslovakia,KSC,,,●,●,
Czech Republic,Prisaha,Oath,Prisaha,●,,,,
Czech Republic,Sdruzení pro republiku – Republikánská strana Ceskoslovenska,Rally for the Republic - Republican Party of Czechoslovakia,SPR-RSC,,●,,●,
Czech Republic,Strana Práv Občanů,Party of Civic Rights,SPO,●,,,●,
Czech Republic,Veci verejné,Public Affairs,VV,●,,,,
Czech Republic,Volný Blok,Free Bloc,VB,●,●,,●,
Czech Republic,Úsvit,Dawn,Usvit,●,●,,●,
Denmark,Borgernes Parti,Citizens' Party,BP,●,●,,◐,●
Denmark,Danmarksdemokraterne,Denmark Democrats,DD,●,●,,●,●
Denmark,Dansk Folkeparti,Danish People's Party,DF,●,●,,●,●
Denmark,Enhedslisten – De Rød-Grønne,Red-Green Alliance,En-O,,,●,●,●
Denmark,Socialistisk Folkeparti,Socialist People's Party,SF,,,◐,● (-2004),●
Denmark,Fremskridtspartiet,Progress Party,FrP,●,,,●,
Denmark,Nye Borgerlige,The New Right,NB,◐,●,,●,
Estonia,Eesti Keskerakond,Estonian Centre Party,EK,◐,,,,●
Estonia,Eesti Konservatiivne Rahvaerakond,Conservative People’s Party of Estonia,EKRE,●,●,,●,●
Estonia,Eesti Kodanik,Estonian Citizens,EKo,●,●,,●,
Estonia,Eesti Rahvusliku Sõltumatuse Partei,Estonian National Independence Party,ERSP,,●,,,
Estonia,Erakond Res Publica,Res Publica Party,ERP,●,,,,
Finland,Demokraattinen Liitto | Vasemmistoliitto,Left Alliance,VAS,,,◐,◐,●
Finland,Liike Nyt,Movement Now,Liik,●,,,●,●
Finland,Suomen Maaseudun Puolue | Perussuomalaiset,Finns Party,PS,●,● (2017-)<br>◐ (-2017),,●,●
France,Debout la république | Debout la France,Republic Arise | France Arise,DLR / DLF,●,◐,,●,●
France,Front National / Rassemblement National,National Front / Rally,FN / RN,●,●,,●,●
France,La France Insoumise,Unsubmissive France,FI,●,,●,●,●
France,Les Républicains,The Republicans,LR,,◐,,,●
France,Parti Communiste Français,French Communist Party,PCF,,,●,●,●
France,Union des droites pour la République,Union of the Right for the Republic,UDR,●,◐,,,●
France,Lutte ouvrière,Workers' Struggle,LO,,,●,●,
France,Mouvement pour la France,Movement for France,MPF,,◐,,●,
France,Rassemblement pour la France,Rally for France,RPF,,◐,,●,
France,Reconquete,Reconquest,Reconquete,●,●,,●,
Germany,Alternative für Deutschland,Alternative for Germany,AfD,●,● (2015-),,●,●
Germany,PDS / Die Linke,The Left,Linke,● (-2007)<br>◐ (2007-),,● (-2007)<br>◐ (2007-),● (-2007)<br>◐ (2007-),●
Germany,Bündnis Sahra Wagenknecht,Sahra Wagenknecht Alliance,BSW,●,,◐,●,
Germany,Republikaner,Republicans,Republikaner,●,●,,●,
Greece,Elliniki Lisi,Greek Solution,EL,●,●,,●,●
Greece,Kommounistikó Kómma Elládas,Comnunist Party of Greece,KKE,,,●,●,●
Greece,Synaspismós Rizospastikís Aristerás,The Coalition of the Radical Left,SYRIZA,●,,● (-2015),●,●
Greece,"Δημοκρατικό Πατριωτικό Κίνημα ""ΝΙΚΗ""",Democratic Patriotic Movement NIKI,NIKI,●,●,,●,●
Greece,Νέα Αριστερά,New Left,NA,●,,●,●,●
Greece,Πλεύση Ελευθερίας - Ζωή Κωνσταντοπούλου,Course of Freedom-Zoe Konstantopoulou,Course of Freedom,●,,●,◐,●
Greece,Anexartitoi Ellines,Independent Greeks,ANEL,●,●,,●,
Greece,Dimokratiko Koinoniko Kinima,Democratic Social Movement,DIKKI,●,,●,●,
Greece,European Realistic Disobedience Front,European Realistic Disobedience Front,MeRa25,●,,●,●,
Greece,Laiki Enotita-Anypotakti Aristera,Popular Unity- Insubordinate Left,LAE,●,,●,,
Greece,Laikos Syndesmos – Chrysi Avgi,Golden Dawn,GD,◐,●,,●,
Greece,Laïkós Orthódoxos Synagermós,Popular Orthodox Rally,LAOS,●,●,,●,
Greece,Oikologoi Enallaktikoi,Alternative Ecologists,OE,,,◐,,
Greece,Politiki Anixi,Political Spring,POLAN,◐,◐,,,
Greece,Synaspismós tis Aristerás,The Coalition of the Left,SYN,●,,●,● (-2015),
Greece,Σπαρτιάτες,Spartans,Spartans,◐,●,,●,
Hungary,Fidesz,Fidesz,Fidesz,● (2002-),● (2010-),,● (2010-),●
Hungary,Mi Hazánk Mozgalom,Our Homeland Movement,MHM,,●,,●,●
Hungary,Független Kisgazdapárt,Independent Smallholders’ Party,FKgP,●,● (2019-),,,
Hungary,Jobbik Magyarországért Mozgalom,Movement for a Better Hungary,Jobbik,●,● (-2018),,● (-2018),
Hungary,Magyar Igazság és Élet Pártja,Hungarian Justice and Life Party,MIÉP,●,●,,●,
Hungary,Magyar Munkáspárt,Hungarian Workers' Party,MMP,,,●,●,
Iceland,Flokkur fólksins,People's Party,FIF,●,,,●,●
Iceland,Framsóknarflokkurinn,Progressive Party,FSF,◐ (-2016),,,●,●
Iceland,Miðflokkurinn,Centre Party,M,●,,,●,●
Iceland,Borgarahreyfingin,Civic Movement,B-H,●,,,,
Iceland,Sósíalistaflokkur Íslands,Icelandic Socialist Party,SFI,●,,●,●,
Ireland,Independent Ireland,Independent Ireland,Independent Ireland,●,,,,●
Ireland,Sinn Féin,We Ourselves,SF,●,,,●,●
Ireland,Socialist Party,Socialist Party,SP,,,●,●,
Ireland,Workers' Party,Workers' Party,WP,,,●,●,
Italy,De Luca Sindaco d’Italia,De Luca Mayor of Italy,DLSI,●,,,,●
Italy,Forza Italia (1994-2009),Let’s Go Italy (1994-2009),FI1,◐,,,●,●
Italy,Forza Italia (2013-),Let’s Go Italy (2013-),FI2,◐,,,◐,●
Italy,Fratelli d'Italia,Brothers of Italy,FdI,●,●,,●,●
Italy,Lega (Nord),(Northern) League,Lega,●,●,,●,●
Italy,Liberi e Uguali,Free and Equals,LeU,,,◐,,●
Italy,Movimento 5 Stelle,Five Star Movement,M5S,●,,,●,●
Italy,Alleanza Nazionale,National Alliance,AN,,●,,●,
Italy,Il Popolo della Libertà,The House of Freedom,PDL,◐,,,◐ (2011-),
Italy,La Destra - Fiamma Tricolore,The Right - Tricolor Flame,LD-FT,,●,,●,
Italy,La Rete,The Network,LR,●,,,,
Italy,La Sinistra Arcobaleno,The Left the rainbow,SA,,,●,,
Italy,Lega d'Azione Meridionale,Southern Action League,LAM,●,●,,●,
Italy,Lista Di Pietro - Italia dei Valori,Di Pietro’s list - Italy of Values,IdV,●,,,,
Italy,Movimento Sociale Fiamma Tricolore,Social Movement Tricolour Flame,MSFT,◐,●,,●,
Italy,Movimento Sociale Italiano- Destra Nazionale,Italian Social Movement- National Right,MSI-DN,◐,●,,●,
Italy,Partito dei Comunisti Italiani,Party of Italian Communists,PDCI,,,●,●,
Italy,Partito della Rifondazione Comunista,Communist Refoundation Party,PRC,,,●,●,
Italy,Rivoluzione Civile,Civil Revolution,RC,●,,●,,
Italy,Sinistra Ecologia e Libertà,Left Ecology and Freedom,SEL,,,●,,
Latvia,Latvija Pirmajā Vietā,Latvia First,LPV,●,,,,●
Latvia,Nacionālā Apvienība,National Alliance,NA,,●,,●,●
Latvia,Stabilitāte!,For Stability!,ST!,●,,,●,●
Latvia,Dzimtene (now Jaunā Saskaņa),Motherland (now New Harmony),New Harmony,●,,●,,
Latvia,Jaunais Laiks,New Era,JL,●,,,,
Latvia,Kam Pieder Valsts? (now Par Cilv?c?gu Latviju),Who Owns the State? (now For a Humane Latvia),KPV LV / PCL,●,,,●,
Latvia,Katram un Katrai,For Each and Every One,KuK,●,,,●,
Latvia,Latvijas Komunistiska Partija,Communist Party of Latvia,LKP,,,●,,
Latvia,Latvijas Socialistiska Partija,Socialist Party of Latvia,LSP,,,●,●,
Latvia,Latvijas Vienibas Partija,Latvian Unity Party,LVP,,,●,,
Latvia,Reformu partija,Reform Party,RP,●,,,,
Latvia,Suverēnā Vara,Sovereign Power,SV,●,,,●,
Latvia,Tautas Kustība “Latvijai” (Zīgerista Partija),People’s Movement for Latvia (Siegerist Party),TKL,●,●,,,
Latvia,Tevzemei un Brivibai / LNNK,For Fatherland and Freedom,TB / LNNK,●,●,,●,
Lithuania,Darbo Partija,Labour Party,DP,● (-2006),,,,●
Lithuania,Nacionalinis susivienijimas,National Alliance,NS,◐,◐,,●,●
Lithuania,Nemuno Aušra,Dawn of Nemunas,NA,●,●,,●,●
Lithuania,Drasos Kelias,The Way of Courage,DK,●,,,,
Lithuania,Front Party,Fronto Partija,FRONTAS,,,●,●,
Lithuania,Jaunoji Lietuva,Young Lithuania,JL,,●,,●,
Lithuania,Lietuvi? Tautinink? ir Respublikon? S?junga,Lithuanian Nationalist and Republican Union,LTS,,●,,●,
Lithuania,Lietuvos Centro Partija,Lithuanian Centre Party,LCP,●,,,●,
Lithuania,Lietuvos Laisvės Sąjunga,Lithuanian Freedom Union,LLS,,●,,●,
Lithuania,Tautos Prisikelimo Partija,National Resurrection Party,TPP,●,,,,
Lithuania,Tvarka ir Teisingumas,Order and Justice,TT,●,,,●,NA
Luxembourg,Alternativ Demokratesch Reformpartei,Alternative Democratic Reform Party,ADR,●,◐ (2022-),,●,●
Luxembourg,Déi Lénk,The Left,Dei Lenk,,,●,●,●
Luxembourg,Kommunistesch Partei Lëtzebuerg,Communist Party of Luxembourg,KPL,,,●,●,
Luxembourg,National Bewegong,National Movement,NB,,●,,●,
Malta,Imperium Europa,Imperium Europa,Imperium Europa,●,●,,●,
Netherlands,BoerBurgerBeweging,Farmer–Citizen Movement,BBB,●,◐,,●,●
Netherlands,Forum voor Democratie,Forum for Democracy,FVD,●,●,,●,●
Netherlands,Juiste Antwoord 21,Right Answer 21,JA21,●,●,,●,●
Netherlands,Partij voor de Vrijheid,Party for Freedom,PVV,●,●,,●,●
Netherlands,Socialistiese Partij,Socialist Party (Netherlands),SP,● (-2002)<br>◐ (2002-),,● (-2002)<br>◐ (2002-),●,●
Netherlands,Centrum Democraten,Centre Democrats,CD,●,●,,●,
Netherlands,Leefbaar Nederland,Livable Netherlands,LN,●,,,●,
Netherlands,Lijst Pim Fortuyn,List Pim Fortuyn,LPF,●,,,●,
Norway,Fremskrittspartiet,Progress Party,FrP,●,◐,,●,●
Norway,Pasientfokus,Patient Focus,PF,◐ (2012-),,,,●
Norway,Rødt,Red Party,Rodt,◐ (2012-),,●,●,●
Norway,Senterpartiet,Centre Party,Sp,◐ (2017-),,,,●
Norway,Sosialistisk Venstreparti,Socialist Left Party,SV,,,◐,●,●
Norway,Kystpartiet,Coastal Party,Kp,◐,,,●,
Poland,Konfederacja Korony Polskiej,Confederation of the Polish Crown,Korona,,●,,●,●
Poland,Konfederacja Odnowy Rzeczypospolitej Wolnosc i Nadzieja,Coalition for the Renewal of the Republic – Freedom and Hope,KORWiN,,●,,●,●
Poland,Konfederacja Wolność i Niepodległość,Confederation Freedom and Independence,Konfederacja,,●,,●,●
Poland,Kukiz'15,Kukiz '15,Kukiz '15,●,,,●,●
Poland,Nowa Nadzieja,New Hope,NN,,●,,●,●
Poland,Prawo i Sprawiedliwosc,Law and Justice,PiS,● (2015-)<br>◐ (2005-2015),● (2015-)<br>◐ (2005-2015),,● (2015-)<br>◐ (2005-2015),●
Poland,Razem,Together,Razem,,,●,,●
Poland,Ruch Narodowy,National Movement,RN,,●,,●,●
Poland,Suwerenna Polska,Sovereign Poland,SP,●,●,,●,●
Poland,Kongres Nowej Prawicy,Congress of the New Right,KNP,,●,,●,
Poland,Liga Polskich Rodzin,League of Polish Families,LPR,● (-2010),● (-2010),,● (-2010),
Poland,Partia X,Party X,X,●,●,,●,
Poland,Polski Zwiazek Zachodni,Polish Western Union,PZZ,,●,,,
Poland,Ruch Odbudowy Polski,Movement for the Reconstruction of Poland,ROP,◐,◐,,●,
Poland,Samoobrona Rzeczypospolitej Polskiej,Self-Defense of the Republic of Poland,SO,●,,,●,
Poland,Unia Polityki Realnej,Real Politics Union,UPR,,●,,●,
Poland,Zjednoczenie Chrzescijansko-Narodowe,Christian National Union,ZChN,●,●,,,
Portugal,Bloco de Esquerda,Left Bloc,BE,,,◐,● (-2014),●
Portugal,Chega,Enough,Chega,●,●,,●,●
Portugal,Partido Comunista Português,Portuguese Communist Party,PCP,,,●,●,●
Romania,Alianța pentru Unirea Românilor,Alliance for the Union of Romanians,AUR,●,●,,●,●
Romania,Partidul Oamenilor Tineri,Party of Young People,POT,●,●,,●,●
Romania,Partidul Socialist Democrat,Social Democratic Party,PSD,● (1990-1996)<br>◐ (1996-2025),,,,●
Romania,S.O.S Romǎnia,S.O.S Romania,SOS,●,●,,●,●
Romania,Partidul Mișcarea Populară,People’s Movement Party,PMP,●,,,,
Romania,Partidul Național Conservator Român,Romanian National Conservative Party,PNCR,●,●,,●,
Romania,Partidul Poporului – Dan Diaconescu,People’s Party – Dan Diaconescu,PP-DD,●,,,,
Romania,Partidul România Mare,Greater Romania Party,PRM,●,●,,●,
Romania,Partidul România Unita,United Romania Party,PRU,,●,,●,
Romania,Partidul Socialist Democratic Român,Romanian Socialist Democratic Party,PSoDR,,,●,,
Romania,Partidul Socialist al Muncii,Socialist Party of Labour,PSM,,,●,,
Romania,Partidul Unitatii Nationale a Romanilor,Romanian National Unity Party,PUNR,●,●,,,
Romania,Patriotii Poporului Roman,Romanian People's Patriots,PPR,●,●,,●,
Slovakia,Hnutie Slovensko,Slovakia Movement,Hnutie Slovensko,●,,,,●
Slovakia,Republika,Republic,REP,◐,●,,●,●
Slovakia,Slovenská Národná Strana,Slovak National Party,SNS,●,●,,●,●
Slovakia,Smer – Slovenská Sociálna Demokracia,Direction – Slovak Social Democracy,Smer,●,,,● (2022-),●
Slovakia,Aliancia Nového Obcana,Alliance of the New Citizen,ANO,●,,,,
Slovakia,Hnutie za Demokratické Slovensko,Movement for a Democratic Slovakia,HZDS / ĽS-HZDS,●,,,●,
Slovakia,Komunistická Strana Slovenska,Communist Party of Slovakia,KSS,,,●,●,
Slovakia,Kotlebovci – Ludová Strana Naše Slovensko,Kotlebists – People’s Party Our Slovakia,L'SNS,,●,,●,
Slovakia,Pravá Slovenská Národná Strana,Real Slovak National Party,PSNS,●,●,,●,
Slovakia,Sme Rodina,We are family,SR,●,●,,●,
Slovakia,Strana Obcianskeho Porozumenia,Party of Civic Understanding,SOP,●,,,,
Slovakia,Vlasť,Homeland,Vlast,●,●,,●,
Slovakia,Združenie Robotníkov Slovenska,Union of the Workers of Slovakia,ZRS,●,,●,●,
Slovenia,Levica,Left,Levica,●,,●,● (-2022),●
Slovenia,Nova Slovenija – Krščanski Demokrati,New Slovenia – Christian Democrats,N.Si,●,●,,,●
Slovenia,Resni.ca,Truth,Resni.ca,●,,,●,●
Slovenia,Slovenska Demokratska Stranka,Slovenian Democratic Party,SDS,● (2000-),● (2015-),,,●
Slovenia,Lista Marjana Šarca,List of Marjan Sarec,LMS,● (-2018),,,,
Slovenia,Povežimo Slovenijo,Let’s Connect Slovenia,PoS,◐,,,,
Slovenia,Slovenija Je Naša,Slovenia Is Ours,SJN,●,,,,
Slovenia,Slovenska Nacionalna Stranka,Slovenian National Party,SNS,●,●,,●,
Slovenia,Socialisticna Stranka Slovenije,Socialist Party of Slovenia,SSS,,,●,,
Slovenia,Združena levica,United Left,ZL,●,,●,●,
Spain,Bloque Nacionalista Galego,Galician Nationalist Bloc,BNG,,,●,●,●
Spain,Euskal Herria Bildu,Basque Country Unite,EHB,,,●,●,●
Spain,Podemos,We Can,Podemos,● (-2019),,●,●,●
Spain,Sumar,Unite,SMR,◐,,,◐,●
Spain,Unidas Podemos,United We Can,UP,● (-2019),,●,●,●
Spain,Vox,Voice,Vox,●,●,,●,●
Spain,Candidatura d'Unitat Popular,Popular Unity Candidacy,CUP,,,●,●,
Spain,Herri Batasuna,United People,HB,,,●,●,
Spain,Izquierda Unida,United Left,IU,,,●,●,
Sweden,Sverigedemokraterna,Sweden Democrats,SD,● (2001-),●,,●,●
Sweden,Vänsterpartiet,Left Party,V,,,◐,◐,●
Sweden,Ny Demokrati,New Democracy,NyD,●,,,,
Switzerland,Eidgenössisch-Demokratische Union,Federal Democratic Union,EDU,,●,,●,●
Switzerland,Lega dei Ticinesi,Ticino League,LdT,●,●,,●,●
Switzerland,Mouvement Citoyens Genevois,Geneva Citizens' Movement,MCG,●,●,,●,●
Switzerland,Schweizerische Volkspartei,Swiss People's Party,SVP,●,●,,●,●
Switzerland,SolidaritéS,Solidarity,SOL,,,●,●,●
Switzerland,Partei der Arbeit der Schweiz,Swiss Party of Labour,PdA,,,●,●,
Switzerland,Schweizer Demokraten,Swiss Democrats,SD,●,●,,●,
United Kingdom,Democratic Unionist Party,Democratic Unionist Party,DUP,◐,,,●,●
United Kingdom,Brexit Party / Reform,Brexit Party / Reform,BRX / Reform,●,●,,●,
United Kingdom,Respect – The Unity Coalition,Respect -- The Unity Coalition,R,●,,●,●,
United Kingdom,United Kingdom Independence Party,United Kingdom Independence Party,UKIP,●,● (2002-),,●,
